mhat: -19.5773387295752,-10.961670484918454,-14.136692187109002,-11.380877258403736,-12.54431203691564,-0.3278671270349466,-0.07055725315164738,-0.3894131590877099,-0.12680910909786394,-0.3567978668253327,-0.1968961626997328
mhat: -37.037195957959824,-21.409173064724914,-25.62254029570265,-21.865199409936725,-22.671127750366548,-0.5109091596810174,-0.14390668404079424,-0.47996257918839613,-0.2342260489382715,-0.6544484423011523,-0.6763555172075125
mhat: -54.16665141846653,-30.495944124337164,-39.103144778667435,-33.101536978288856,-33.90790212391729,-0.7996001133865289,-0.32428608362439,-0.8141396986446435,-0.44969347272367904,-0.910532388568568,-1.852428835130055
mhat: -64.27946421433695,-38.65451713933706,-46.2327726975066,-41.42067840582448,-41.67074532740902,-1.2163642704844042,-0.5875541197778636,-1.2777673429521583,-0.6995207153953981,-1.3596613725112183,-2.8028614468909496
mhat: -70.20364126352288,-41.17833128432192,-47.452758494376354,-44.58853225202724,-44.371972930264235,-1.62736729287545,-0.831096195509573,-1.6181086012088253,-0.9362248086241286,-1.768218719536395,-4.531475834662153
mhat: -77.00857769811546,-45.92283162584675,-49.58539588816035,-47.91731715893042,-47.57541860410642,-1.982752937345416,-0.9720713318052329,-1.8892997647091834,-1.1199323473821978,-1.915122279645227,-8.183672577559404
mhat: -82.63741283720884,-49.09523073640956,-50.3731625512311,-50.65763043835898,-49.62595036325224,-2.1969138450187238,-1.1201878932673093,-2.0096233937059886,-1.235030239367942,-2.0629157791853827,-12.744045234678618
mhat: -79.0885804904927,-48.29041078561272,-47.08717006832255,-49.037342718705574,-47.80277423193878,-1.917562879567875,-0.9726534349025094,-1.7597496813274163,-1.0784275412161823,-1.8101981120708865,-16.46314163234471
mhat: -75.18210486065873,-46.1364599404035,-44.56127682412774,-46.51261854568986,-45.945858459733216,-1.1961116856710152,-0.6273128643047232,-1.2856892344565183,-0.6208934802884996,-1.1945447331731354,-21.253356892995402
mhat: -67.41962370298705,-41.8340116004428,-39.73394201784419,-42.39696700072427,-41.65132413991528,-0.2977032476153699,-0.19125131351782457,-0.7267685489350563,-0.07721916598984976,-0.6886448847492243,-24.14545299570626
mhat: -63.82258256940727,-39.83258740170655,-36.68748080295714,-39.84105688908615,-38.92903347606378,0.44604666618154865,0.24590591647478635,-0.15191450704195594,0.44498660793185535,-0.1895766075321734,-25.326703020909264
mhat: -58.14138032312933,-36.844925183761674,-33.248943128450584,-36.31966838379516,-35.73125282883509,1.006679302339494,0.3253725651814072,0.010682887002404983,0.8417717129915729,0.23260049559502588,-23.917192467704297
mhat: -51.45072990077323,-32.35795876610816,-29.910614044961275,-32.294239450257244,-32.392277236350544,1.100383372220705,-0.012936110428308676,-0.3660211757676933,0.7192306090618902,0.23346354842623904,-21.33653488420318
mhat: -45.66644503294782,-28.537660298074574,-26.931734252696074,-28.69531816748729,-29.05292147309551,1.4729031712485021,-0.06387716793707056,-0.47981785915055697,0.8858641089168258,0.11203604395993876,-17.186884876980134
mhat: -38.91293987240154,-24.217687994290163,-23.51319432661054,-24.86159370611984,-25.79635323902954,2.0238342124990796,0.12805384703723757,-0.1804810764764715,0.9869007554012286,0.05952326669182512,-13.843525136884685
mhat: -34.689552874114746,-21.33177130840192,-20.85363997409978,-22.41335885174414,-23.351765210508198,2.0884237701882213,0.1106137216571838,-0.5686315197064953,0.8408492591339933,0.09957107518879378,-9.931395658865036
mhat: -30.778054776011718,-18.910045960798882,-18.717065539545874,-20.124252636190505,-20.777504090089263,2.517650540908883,-0.2164549474253363,-0.8162899664165358,0.45453072578128884,-0.20787145521076802,-8.07105482382609
mhat: -27.540622290945933,-17.189061539116025,-16.84625650556705,-18.017109569861145,-18.782885131133565,3.3094246961956566,-0.42284784421885413,-0.9000259283962736,0.5990239624674695,-0.7272625910036513,-5.81552802295512
mhat: -24.13858249891085,-15.386328104450413,-15.214777859262394,-15.924878361718422,-16.60738931282531,3.0812319390057272,-0.8029909725693944,-1.7910615771684049,-0.05751206528788599,-0.7787706193790945,-3.2602022020754635
mhat: -20.823177908379886,-13.398295329258385,-13.4719311821998,-13.839786092826932,-14.463461376673374,2.918524300538561,-0.8621826677143499,-1.8421052643591382,-0.3739040516108505,-1.1590946725915814,-2.119106831554625
mhat: -18.52256654010892,-12.000181283587356,-11.89707364492044,-12.34031564768024,-13.056098814845825,1.8797610982651156,-2.0814687581962152,-3.3249605652310295,-1.3537535859169527,-1.9590772314939862,-0.1139836406386019
mhat: -16.589640366631222,-10.663390811932684,-10.684084947530467,-11.021643262084089,-11.672907940078558,1.7876082350366629,-2.4223114290946555,-3.4478973766966896,-1.3918707981001253,-1.9426396163872184,1.0988117934283403
mhat: -13.809958090575025,-9.28707967795015,-9.51590901998304,-9.788795917987224,-10.313264156846092,3.0446939083392026,-1.7236349473856902,-2.114958060583023,-0.5730614144396506,-1.0517233001599768,2.3382606538961417
mhat: -12.261671026140874,-8.296120971282583,-8.489628179756492,-8.839146501128653,-9.37204271481446,2.873370962102811,-1.2472556365278515,-1.8770765516696348,-0.9324781042081647,-1.0917188796536998,3.687493001475246
mhat: -10.789672157539533,-7.239246211104742,-7.535890484806342,-7.918167142494707,-8.304766620370062,1.7417837380065746,-1.7124306766890809,-2.2949608211525105,-1.9277059772190956,-1.8564145081484826,4.492403713203812
mhat: -9.699318967897304,-6.348514863603549,-6.7064053669875,-7.182793981191051,-7.568272882980874,1.6297782919034507,-1.8042691189765494,-2.4585485325293788,-2.414117380115122,-2.1255395283023817,4.4750559055808035
mhat: -8.884137848831344,-5.773909104611265,-6.005909402866832,-6.593383954676102,-6.811983244467296,0.8209471426506542,-2.9167612818602473,-3.25487399590146,-2.8435283085125547,-3.0390455648366372,5.144029510993883
mhat: -7.6170173323289365,-4.9910247406756945,-5.32919842226031,-5.706008339380912,-6.021328158658405,-0.24567913914765127,-3.300535365011379,-3.7226480064819625,-3.019973445064466,-3.31542092196701,5.881915534725927
mhat: -6.6547878795563955,-4.445471754661868,-4.7382543226225025,-5.171439202926527,-5.4125280573179575,0.6437146813699473,-2.4079442373884197,-2.840578738846341,-2.097750823251661,-3.159931338955282,6.037581402252
mhat: -6.233280122857553,-3.9952669104594314,-4.354025904068302,-4.691297768776652,-5.195051475544773,1.0589999702196542,-1.6906824003218932,-2.428271522098132,-1.5209677912743738,-2.805291251868134,5.83117598210865
mhat: -6.096943748423901,-3.825943941248032,-4.135131858979836,-4.238478227889082,-4.80323946374202,0.2522208388333278,-1.6853602854376613,-2.785315919774238,-2.008231590737497,-2.8322069505708845,6.110512347568164
mhat: -5.5567702184845436,-3.503762914324016,-3.7562499373181297,-3.8313109297522483,-4.418881909584461,-1.5449883658206818,-2.795167198244917,-3.0957749863911874,-3.0824430910837792,-3.589921538095639,6.378653769668241
mhat: -4.723497382868958,-3.1553905150930164,-3.343845619569612,-3.3536267420877643,-3.8500666241434875,-2.834634132000489,-3.20709701194073,-3.382754351658632,-3.318396909967292,-3.7229918184572335,5.803009188746691
mhat: -3.6604559594558865,-2.703184388632119,-2.791984352827495,-2.8714925122296036,-3.3150802311752603,-3.832877178075988,-3.648520849245966,-3.5249552953326915,-3.7834452737471223,-3.9575749070641315,5.818681531057052
mhat: -3.309262063517075,-2.4714091009502592,-2.5251484328653615,-2.563748528079805,-3.0835136035287856,-3.832415588151661,-3.0452278936614614,-3.6105943699955905,-3.3983278238351557,-3.51640646606127,4.788281360694436
mhat: -2.841437505893976,-2.1737296685485092,-2.21951763483533,-2.292099144207138,-2.773090758874129,-4.39631355316616,-3.019086465739242,-3.4475119820021733,-3.2402181427869197,-3.542262801456956,4.204876048985899
mhat: -2.3715115764740338,-1.8846578232090556,-1.9810355446096168,-2.020256268939466,-2.482822831082646,-4.326231070066271,-2.9422159003262935,-3.277983871283206,-3.020004666251623,-3.2170381295723445,3.5785196520953133
mhat: -1.603292637687191,-1.348485181486304,-1.5914584620790302,-1.6570617684715083,-1.998943498701447,-4.53522189187114,-3.131440617054299,-3.1740334626411477,-2.963351194979238,-2.9783102777583164,2.2288747386529693
mhat: -1.4646092210418127,-1.324778299983459,-1.4463450260058501,-1.5062429801594783,-1.7878852349136367,-4.888147138923076,-3.1415843137187367,-3.097570225567,-3.129235859331886,-2.8234236092355807,1.9339726946228684
mhat: -0.9824718689249967,-1.0156314172536574,-1.2477291905962395,-1.2485730566711837,-1.3815536289746364,-4.564178647199444,-2.834766534105697,-2.892626411400287,-3.0170281287809906,-2.566742297890734,0.7070397862773707
mhat: -0.9589673713579359,-0.9629243150444794,-1.1336152606691092,-1.1605787327834458,-1.3229810565306224,-4.494073476599961,-2.7674735456883175,-2.687150003518963,-2.910865742591141,-2.4125313868557132,0.05181113928740704
mhat: -1.0541719256625812,-0.8504966067027923,-1.0068164389595629,-1.1004720563210046,-1.2396361632772575,-4.698056979409012,-2.85515105458901,-2.58283573408624,-2.952429627242353,-2.3088732310911566,-0.3829348499927506
mhat: -0.9565735875464471,-0.7141332155403506,-0.9037928073922933,-0.9383983823461587,-1.099555352817633,-4.102912987747623,-2.4687372362598303,-2.317552158426498,-2.5227672557459067,-2.0352670594647546,-1.35601339315227
mhat: -1.3077836944562646,-1.0453344397977764,-0.9621590744151117,-0.9455922838442579,-1.2072234053113453,-3.4831467297810677,-2.0348798189468456,-2.07376909439815,-2.205958035215216,-1.8145374645816092,-2.8465863722794498
mhat: -1.0729427521957298,-0.9087743278138916,-0.8626188934503701,-0.8200627172449851,-1.013580200996171,-3.2686024843323005,-1.904668531650415,-1.954603404266002,-1.9891186269723204,-1.6224719536901129,-4.055522738236746
mhat: -1.1312776887953873,-0.9674087875269188,-0.8190216461598946,-0.8487662916628574,-1.0378767912254128,-2.675950963387463,-1.609264379085807,-1.672119476316219,-1.701910118225283,-1.4370991483125053,-5.104506030906339
mhat: -0.6505970667075388,-0.7161644112124692,-0.6689053847500487,-0.6930786833714566,-0.880984413560777,-2.4285198480261525,-1.45561112837759,-1.519028318590523,-1.5264598101318716,-1.2969622609460976,-5.5888924756706535
mhat: -0.5751375146806617,-0.648291299266256,-0.6143242941559702,-0.5485820408551313,-0.7900920117560699,-2.2584666382010923,-1.3780722774006406,-1.3867737091291736,-1.4863373237263815,-1.184914048821241,-7.998701385486608
mhat: -0.41805505997881354,-0.5627407276410005,-0.5507890244791673,-0.45618741217119946,-0.6603051208225591,-2.0102588392738836,-1.2294907467415839,-1.2474130245199737,-1.328627337608311,-1.0581875032618315,-8.503884567630063
mhat: -0.32286690175793076,-0.45755883587408996,-0.4732280038330139,-0.36220249433389706,-0.6098743013380895,-1.8045938872240233,-1.085752587806514,-1.1222113687624036,-1.1934637841574385,-0.9524065853544742,-9.023973846446447
mhat: -0.27574972913617607,-0.3624801335785135,-0.37605010309912296,-0.3124694841571238,-0.5025010588566473,-1.6467279139541766,-0.9779937566946608,-1.0116267033483743,-1.0917074936186857,-0.8607098969438299,-10.389358802179192
mhat: -0.28137631767986016,-0.30966230984550264,-0.3444510681298737,-0.24742428233520847,-0.5286324376676652,-1.4917723934644445,-0.8894403217254827,-0.9130792728568363,-0.9841029281617263,-0.7722069965894436,-10.936866145984345
mhat: -0.17573460775272023,-0.34852843665232663,-0.288126359935586,-0.2682152463464075,-0.3912434240500056,-1.3786188837834734,-0.8250041363863104,-0.8229928736259593,-0.9028143799752774,-0.699861343131412,-12.064910025662654
mhat: -0.2811149873362342,-0.37132531290074927,-0.22849000450307186,-0.2665598411304592,-0.4208030063696675,-1.239197819006566,-0.7400974018446644,-0.74026961671239,-0.8150024851997083,-0.6273061429245004,-12.467089653829984
mhat: -0.06717512362823194,-0.2436672617158885,-0.15873926835205568,-0.1750031802941303,-0.22249320578668383,-1.1900058420038853,-0.6984201414074203,-0.6626110470185622,-0.7467179667944535,-0.5769659546195496,-12.400741578208242
mhat: 0.3100310230075531,-4.091038145064008E-4,-0.018322732411122544,-0.044438848501484635,-0.05265733076538842,-1.1017247255798985,-0.6800365019010229,-0.6058626942203837,-0.6882319510160964,-0.5399253760012405,-11.687130574059513
mhat: 0.13581278188998183,-0.06822267738765085,-0.04383997537596465,-0.15930792496321744,-0.1817631769673037,-1.0542095710381674,-0.6819653874547026,-0.5444896047381905,-0.6307589730215251,-0.5092159066370013,-12.810536481958042
mhat: 0.13743929618440404,-0.12324517733428807,0.02605419603530988,-0.17158802756816746,-0.14101123898909335,-0.9287864979322875,-0.5836982362403147,-0.4935620086682943,-0.5538931734105926,-0.46047902376139893,-13.131350256517837
mhat: -0.12372433866671101,-0.23083831562476248,0.006292806480402137,-0.2868857570927527,-0.3000630704524148,-0.8300609872453697,-0.521349591455788,-0.4435939410495933,-0.49862687801876066,-0.416849396152761,-13.16364139323969
mhat: -0.13327999823947187,-0.25080053624819915,-0.023190798172696255,-0.17695880098333183,-0.33876359157980634,-0.7252475668690452,-0.4604467076574117,-0.399088735421849,-0.44277142129381597,-0.36616439229112296,-13.551925323438896
mhat: -0.30389319446971585,-0.2984625727951365,-0.01190358376222436,-0.13681235973365247,-0.3874243024680376,-0.6270078175728344,-0.40305374912762737,-0.35638046974848314,-0.39160949376967086,-0.3280910043070576,-13.937320758963923
mhat: -0.3734154578497554,-0.3775085890753466,-0.02952467589822056,-0.20591305390812098,-0.40376086352697377,-0.5069155869059111,-0.3370248727136099,-0.30816725115719495,-0.33586153622467396,-0.2964406505124738,-12.443981481896797
mhat: -0.26236811192037024,-0.3265254532902511,-0.040884830190865896,-0.1822621678628458,-0.25500308132334226,-0.47910057241956566,-0.3152800415093529,-0.2807517598967422,-0.3135568884794168,-0.26978736929258545,-10.267687205791134
mhat: -0.3579664527364174,-0.2798140781769528,-0.052596831285127287,-0.1780948505607114,-0.3589509634360736,-0.5096185698372734,-0.3394677507110628,-0.254684440883693,-0.3160216185803902,-0.2420474853564375,-11.61207204138852
mhat: -0.4734831713315589,-0.372382307379846,-0.14133311973101198,-0.13480905166880447,-0.5462983165980904,-0.4703001405319409,-0.3057831342008331,-0.23004115167531272,-0.2919411855827402,-0.2177616694952,-10.409458972303726
mhat: -0.49520320061704276,-0.193532756963922,-0.17935616773311652,-0.07882553962596768,-0.3835104554457234,-0.42592527475722375,-0.2845326270171754,-0.2090211732634921,-0.27432319939000216,-0.197474536300454,-9.379133645953102
mhat: -0.566165846090824,-0.21515095632452874,-0.2283765271491545,-0.061266334550480875,-0.40926492028191,-0.4039427798095449,-0.2830474298111799,-0.1876110266926985,-0.25464974540580376,-0.18562228243199944,-9.484788863020365
mhat: -0.8420101531356743,-0.2323040964838949,-0.1113643294691549,-0.06409395172200628,-0.35111999177602077,-0.38275404714734185,-0.26427996422926986,-0.1696559339175444,-0.24856006436144473,-0.17045672509839216,-9.09492115084324
mhat: -0.6466521526512965,-0.1881563366069231,-0.11735045734958381,-0.044301725627595705,-0.2858637679990214,-0.34412572701141486,-0.2382072659434796,-0.15254397636474043,-0.2242635942723785,-0.15353561574960414,-7.812464662574649
mhat: -0.28796595936196784,-0.0661878009234299,-0.07573604161916606,0.04385252307345017,-0.13985867633605098,-0.2898735254085748,-0.19654613603362844,-0.1381745542816053,-0.19184125259187026,-0.1347827123469535,-7.748452672807986
mhat: -0.07228064246754815,0.09242988532837351,0.0039223444736287945,0.07133293006873771,-0.0798808082735303,-0.25847534454500476,-0.1760633566606083,-0.12365799549618964,-0.17523134697225695,-0.12038118121946456,-9.714316645442858
mhat: -0.08032794372391709,0.03934335884675628,-0.020479538291453103,0.06284526994963914,-0.09548575933697857,-0.23466021737156353,-0.16127205152559296,-0.11091731085921272,-0.16137609545613785,-0.1088735343285375,-12.577739343390581
mhat: -0.10715623411614675,-0.0553485511565465,-0.014635916842708171,0.008640621062409802,-0.19757348988862106,-0.2177188574548569,-0.14839503221951403,-0.10014281712392364,-0.15110961984248555,-0.09941585880697067,-14.426930580133275
mhat: -0.19092342789564276,-0.12289042589746067,-0.03233403019347095,0.09692219121373324,-0.32459944466279017,-0.17711350621248195,-0.1385578650307313,-0.09251682083250597,-0.1442253956784046,-0.08574324591045117,-15.721808668664249
mhat: -0.05264034408699609,-0.04275293520322088,0.01698219163257216,0.11989699126138999,-0.3514186433664918,-0.15631667763739576,-0.12309503425167233,-0.08330994518380638,-0.1270786115339437,-0.0766142570642603,-17.094730393320916
mhat: -0.04835830437937186,-0.12351165898411748,0.06244229291234172,0.13241309882614974,-0.3050363276274584,-0.11244737518357463,-0.09597732835259797,-0.06992135056795512,-0.10017172415136444,-0.06581396213560652,-16.982522041675686
mhat: -0.3104804261218492,-0.2218386545267918,-0.029226971308736787,-0.016660460400928348,-0.2895583846099829,-0.08941396054744098,-0.08211452231974081,-0.060818350129440944,-0.08407177394580057,-0.05734985823743529,-17.99169870336027
mhat: -0.2280827522521139,-0.1358451867975449,-0.008232637427302165,-0.07369833502849181,-0.31039907554339746,-0.08052645181162271,-0.07389739030531405,-0.05443850637467454,-0.07614815429980926,-0.05183128608071984,-18.880042649745267
mhat: 0.21240967110106546,0.006967151418612699,0.046092588693060495,0.05943662416394803,-0.12404205245030706,-0.07241554302620798,-0.06656271229916716,-0.04873435779594316,-0.0683674602537238,-0.04668743807845856,-19.78762933394945
mhat: 0.28248805431747415,-0.07262870198678803,0.06667373176210295,-0.0019769142875828397,-0.08602646447466972,-0.07179783178556334,-0.06964543346940741,-0.045333853235331296,-0.06850838709369177,-0.041457603332742496,-20.68044451823678
mhat: 0.0614846977149845,-0.09090451687630739,0.0384401441962561,-0.03275509503735123,-0.08148620846637337,-0.06962353604362345,-0.06478203621580217,-0.04169238751223644,-0.06274333046589822,-0.03978562738322753,-19.62755126357828
mhat: 0.3035604133209391,0.1567193531379275,0.24734037778522935,0.055032163035203,-0.08278577392631765,-0.03977351998762333,-0.035635433122668814,-0.02947619848670594,-0.04138802873656371,-0.032809722569684716,-21.254496995745285
mhat: 0.2168909315451899,0.23239233256029138,0.18902123306102772,0.020675581009057527,-0.09043806614214527,-0.036875042722317765,-0.033117220842626784,-0.026318650644849596,-0.039354478555141556,-0.02960674106801634,-23.71721258660886
mhat: -0.17282359975258568,0.004737392518788069,0.04529035298359793,0.045235844400984104,-0.0388405126155347,-0.01975129148757951,-0.022116228713571624,-0.023659291056723885,-0.03494471395884926,-0.02472452532764919,-25.150739997385802
mhat: 0.09559191145782006,0.01165298230449213,0.056524071460196806,0.0713435580770041,0.07062934866782618,-0.017231370716513844,-0.020082601039164972,-0.021100889222546958,-0.031701343298341005,-0.022494277546328743,-23.99545067693789
mhat: 0.29677192215404286,0.25730350464420537,0.06038358876604167,0.018224784842512935,0.27517420676455095,-0.02221240306528278,-0.02271918279248214,-0.019844121479103208,-0.033194868667529145,-0.02031209998256909,-20.667591837982812
mhat: 0.5789513497447809,0.061161706443926975,0.10726575623185493,0.1606089200593966,0.4594607575783719,-0.008047865643562515,0.0011030685659116403,-0.017499017327590773,-0.004111228096573927,-0.012453409764243053,-17.858241149039433
mhat: 0.29057132381297285,-0.046257841950596235,0.006280851511254859,0.05297999971985102,0.2735830114405119,-5.077507587818447E-4,0.006034037538237563,-0.014570891515555793,6.110426939309446E-4,-0.012036585160077358,-16.433033296181332
mhat: 0.5523702044394047,0.06924425447117692,0.03666535801455616,0.21188987965620545,0.3083610064966143,0.00423151665291544,0.00537947813448429,-0.01250473756569425,0.002220677595764361,-0.010591999521436498,-16.75823145580077
mhat: 0.47517361328341484,-0.05753721740030443,0.10410866313628192,0.14753156054887745,0.25681603726050534,0.018137796581931282,0.014879728027524566,-0.01115207822576422,0.01804878925728871,-0.005263070830041143,-19.16080319609075
mhat: 0.7525957172432064,0.16215095926727793,0.22791839159351357,0.20781928270060573,0.3354664832932753,-0.0012222867337672446,-1.3644597027355229E-5,-0.010411504768036534,0.01162056607911388,-0.008128226806295023,-22.671923546774664
mhat: 0.7594712521403704,0.16933568450811534,0.20733311153303244,0.2622657129969836,0.24931080573930628,-0.00503474843037882,-0.0023301536221873487,-0.009992191903058598,0.008498557420862512,-0.008093268409655713,-24.37411013623962
mhat: 0.7533516460816713,0.26800081320034286,0.20899276314457718,0.22574090765686106,0.3897365257066402,-0.0023644715405877134,-0.0035255514864547637,-0.008526689552282243,0.007428022356996886,-0.006797575282016854,-24.03720327700232
mhat: 0.6575635069514524,0.19041844513117728,0.1791097473150331,0.17492117578360225,0.3680253361239624,3.4274980897782537E-4,3.556541508146366E-5,-0.007535803231665343,0.01126663302130247,-0.0051598214209386435,-26.43895008828378
mhat: 0.7748574741504622,0.3164397075661315,0.22414661665614619,0.18543755682355043,0.20084526991054283,-0.014434245602085005,-0.010092610210551897,-0.006794537355697371,-0.009980625832503273,-0.009609015432274506,-28.28481380861605
mhat: 0.5723904300576729,0.2682058685817657,0.14030634751862942,0.1514434004670883,0.14417801174248318,-0.008105931020213838,-0.006710399018092309,-0.006499777093301178,-0.0073560731257632074,-0.007964479416019472,-28.553357614240824
mhat: 0.5619139298322492,0.27105654406262847,0.14933490150805118,0.15019069252771358,0.2046798908741382,-0.0037771439605909785,-0.00524654236072274,-0.004909210711423804,-0.006523154408882132,-0.007357676711282972,-29.129045084516726
mhat: 0.7169428742372954,0.4019298382237715,0.19949168418339824,0.22437696147995773,0.2771753304943388,-0.005963457661079789,-0.00636430654119949,-0.004687940665008261,-0.006853497121241278,-0.007320210671824915,-26.68361403749052
mhat: 0.2578182504136665,0.25934431804658503,0.152023128075295,0.11730910761402874,0.14638531383194034,-0.0035370440261313575,-0.007171234816631772,-0.0051037148276766595,-0.005738432848235343,-0.006335241566449622,-25.373390175992597
mhat: 0.2794276237859912,0.3067878784988988,0.16753460379691332,0.10559172935401281,0.15626759606113813,-0.0016980306085208642,-0.004625681251462195,-0.004090080445603782,-0.003580715282894609,-0.00583263979419229,-26.410110987836834
mhat: 0.1090141681140856,0.06069764872146903,0.12596205374942226,0.16185851241262558,-0.06578174027277717,-0.0019909052214815127,-0.00528612735615801,-0.003846087782628066,-0.004411422395542601,-0.005324336394230851,-29.311821997505533
mhat: -0.18591787151164452,-0.17886435996499364,0.027145011739581358,0.09323359726079652,-0.19756041051323617,0.03490221424634782,0.005747383891999252,-0.0025998482008135204,0.007985128089546472,0.005745976351121744,-32.97081489808792
mhat: -0.5305448957902476,-0.3390749864010454,-0.06910853926815831,0.015631670403710253,-0.23851387447348618,0.035993773321150495,0.010340681679251887,-0.002552701485681176,0.009639098471245649,0.004529283731893702,-35.89648234869866
mhat: -0.4180791437241351,-0.2169019886274447,-0.034013862534077316,0.012298269861793195,-0.21250343361950916,0.04045739511988831,0.020865912610383144,-0.002380971272667472,0.02933422608107872,0.004092660795973755,-33.7742502332014
mhat: -0.04344759914131067,-0.16073547187689619,-0.006159582382987144,0.08127620195161062,-0.12576424562800928,0.03469394103802515,0.018997064425641936,-0.0021965728125100817,0.026113157739832495,0.0028263883388011247,-32.7714886292
mhat: -0.04104077869031581,-0.1811219340131118,0.010156323883493345,0.11619838684437113,-0.12416659456414743,0.03437993594316687,0.012827807580672774,-0.002487646278222092,0.020913211330422586,0.0036219608236909063,-29.351975899335862
mhat: -0.07099348625154209,-0.205998860261696,-0.054965835150676295,0.11101258105249574,-0.22612481272629092,0.029344669270470514,0.009436145717444331,-0.002344001411488764,0.017765454220888044,0.003139057953267818,-30.44312679706932
mhat: -0.04251098143277413,-0.11719405415948547,-0.03644879970587366,0.09673426887512887,-0.1746517152027649,0.025916098996891002,0.012551092574306377,-0.0021834507137158277,0.016036895114434152,0.002535887183092186,-28.65267716058096
mhat: -0.0381333993210232,-0.17680563882184835,-0.005340363013105915,0.24090359833440725,-0.2761825308637733,0.02997991430974802,0.014531180170887179,-6.693322376336669E-4,0.017520138124033066,0.0030415264076394796,-32.02859465575045
mhat: 0.006008642840894803,-0.15354952682095646,-0.025115556555383892,0.250281980452811,-0.27469678344326964,0.024753729184567596,0.010712186454580774,-0.0014456905594986674,0.014795319143688809,0.0026892189912428527,-33.37428356915833
mhat: 0.14444231378268796,-0.08558624980393692,0.002829487536425489,0.26528576475097637,-0.21410992402854476,0.021446767356430124,0.008283646704534058,-0.0013549983433788371,0.01296516026648881,0.002239150031673596,-34.26845328827833
mhat: 0.6056198712865313,0.0856243162337233,0.056471889138217206,0.4708884986899391,0.0684673043942551,0.009881224184658869,0.007990300477370873,-0.001460588044041617,0.005150806493035981,0.0014270478781476807,-36.99666365116569
mhat: 0.49438742934089835,-0.03499970050657282,0.08732826937050153,0.34395962749639486,0.05845042452298441,0.011265022193779749,0.008280281869628566,-0.001013319315878406,0.0061958720894284515,0.001577954142985031,-40.49026275687297
mhat: 0.4641642851615334,-0.014840548271080273,0.12520575516800722,0.3598973911910262,-0.01379345698414504,-0.013920705925566032,-0.007186444352239772,-0.0018993084397725681,0.0010803633044114992,-0.004888178156326995,-45.325356751989425
mhat: 0.2987910498515302,-0.04773642696958445,0.04981896420553792,0.2658590569612134,-0.05527169721267072,-0.012167554226532654,-0.007742927459802393,-9.131954539375911E-4,0.0025867240153009587,-0.008010199274451577,-45.97261364278619
mhat: 0.46981576969530336,-0.014039642036351234,0.07667626553953015,0.30443470595472244,0.12957769209962197,-0.010377156342396405,-0.005998137207742162,-2.3213463814139365E-4,0.00308581071576881,-0.007069800747084117,-40.42725108094879
mhat: 0.7498024914333083,0.23736627171098248,0.0985835038977807,0.37074814915645277,0.25326810269565486,-0.007993006418187539,-0.005327324173946422,-9.830515892703126E-5,0.0034909889162255637,-0.006627761161974977,-33.26239994302849
mhat: 0.19807095512950731,-0.027327632106045854,0.032395990626238165,0.16010232226540091,1.3756268866946256E-4,0.02579409250271306,0.011772440209537719,0.0036572914764883796,0.011242468072942047,-0.0064300213728825,-33.79930626578485
mhat: 0.40846723911477845,-0.0587403173179497,0.09880228279100427,0.22682374636736574,0.1371834351010074,-0.014660878752328202,-0.01914069857548747,-0.01165983102778742,-0.011002109363769639,-0.00583400752301681,-33.08390159624649
mhat: 0.49861917450355836,0.04256765916263675,0.1206837829373218,0.2810933199984878,0.211908739346669,-0.028864192415014325,-0.031208456896692126,-0.010523351321552438,-0.016838687579589656,-0.005283006841323913,-33.49861086850877
mhat: 0.4528507987126056,0.11689750023784846,0.1053598094059766,0.28115987804598874,0.3860544795052029,0.0025586549582048202,-0.002160207018387195,-0.0025762238945743186,-0.003377331927464046,0.0011420776247947498,-35.352251813847815
mhat: 0.571551818257616,0.06671702357292632,0.18498138232739156,0.3792764258739578,0.48561853256444115,0.0022149442459767294,-0.008348737840481136,-0.006665828016794322,-0.005559543763718999,0.0026088455008996016,-32.91532312132245
mhat: 0.48492636301409153,-0.02498128388944873,0.15214236808362522,0.3303156134059179,0.3340371122553668,-0.039807037876533675,-0.03702786320774534,-0.0063960211095550395,-0.028686485996910635,-0.009341559822455507,-34.379156799552284
mhat: 0.570871332882871,0.10622085710845998,0.1974238424711944,0.3764352509200972,0.33001432310750595,-0.06498546139728857,-0.07047012672334134,-0.003679149257798578,-0.04377962557882434,-0.0042777471152007415,-34.70561885514375
mhat: 0.3876641085750385,0.09653305864453154,0.11485509413072197,0.28800442446677277,0.09710636997637986,-0.08444917750954045,-0.06475715713725794,-0.007513451459803025,-0.05618790471566688,-0.008414806715205267,-37.271781351214806
mhat: -0.03707250707389525,-0.009814944803213222,0.046433461625230044,0.08967804192892422,-0.11930574009057765,-0.12047605359215666,-0.08448917009736336,-0.009659170342803431,-0.07056386286249515,-0.011325142801975554,-40.41313643493198
mhat: -0.47679253733610705,-0.12518042029909848,-0.028006503130848962,0.0807540302265617,-0.1488542544299151,-0.11915087007295654,-0.0936164138291549,-0.009657055146791885,-0.06980453694245059,-0.010788353625714014,-44.35259237093248
mhat: 0.09740675161710206,0.028860923647582082,0.06539957032312806,0.17063528370491407,-0.02078500585624633,-0.05231783474902037,-0.07650299836076774,-0.010918194190277798,-0.02880522852899277,-0.002071220500151804,-45.61865213804892
mhat: 0.0048299478671901515,-0.09882727308753879,0.07958901128392434,0.16503496460958178,-0.12882869311306494,0.04981116370266177,-0.036381910501169845,-0.01026487428352257,0.028294794330400143,0.008460115931311171,-46.70806635690639
mhat: 0.1984669483753529,-0.04303062477477432,0.0907648636793692,0.1767365307144724,-0.0034636135932654415,0.03572455322269132,-0.03695435771114081,-0.013053784076920427,0.02231098632904868,0.009047104213821437,-45.422499704353605
mhat: -0.01118906842116789,-0.057534677228042376,0.11578753521004347,0.16255574673048603,-0.09275313825352025,0.027031933230241594,-0.035946166857208674,-0.01245403293664779,0.017912883908894298,0.006366514499835436,-42.076429900470316
mhat: 0.1756108051517882,0.0745571175911242,0.14180583457613466,0.2075828866410047,0.03538632682023629,0.008543045541366395,-0.04245200979382809,-0.010521727223666778,0.013314919046252875,0.0020974824307619408,-37.58103406457806
mhat: -0.04326935078655205,-0.17553307322754982,0.09277848906347043,0.012373282548984456,-0.0787210861576957,0.006136594405934142,-0.038916548010026426,-0.009830939591588707,0.011093564997722839,0.001793102468780276,-32.58754805722173
mhat: -0.13068304425810606,-0.17301343446310283,0.10217852947659033,0.02439045182688208,-0.04789979428910717,0.025275790629243226,-0.027515939824925444,-0.006720773667334475,0.013754156277651959,8.843240166223882E-4,-32.04320234222038
mhat: 0.23127627530927933,-0.05165091406009097,0.2303892343231381,0.03611885813621166,0.13711873095899774,0.024264577315321816,-0.02554675654183179,-0.005680220070937492,0.01187680989477136,4.2258038693222984E-4,-32.483161298350474
mhat: 0.4014142076341199,-0.03546131793516057,0.22767340221804822,0.029676110402835805,0.2765842775608035,0.012477117348160129,-0.03016719347656244,-0.007061585973600011,0.006775815187836238,-0.0016948385557208304,-32.14409620288723
mhat: 0.47153981280602675,0.13323239908025228,0.23293540904675547,0.03366929172361491,0.26910850359066235,0.008236387323648998,-0.02886993734618051,-0.006645466865628481,0.001868981378569897,-0.001854213463674438,-44.79662465974891
mhat: 0.5720750948507966,0.08864007022607928,0.23918907722939028,0.057136117006122394,0.18870836756927645,0.007890538211683402,-0.026017389295445406,-0.005846188679740833,0.0015720320341392675,-0.0015364842585228872,-50.40332480545668
mhat: 0.5065888843049824,0.09636130052596616,0.2100398679778861,0.10279133917694215,0.32195686842430793,-0.05286717674684166,-0.08131877823171367,-0.00539348233492733,-0.04667435948060864,-0.013439016133586093,-47.66601893579289
mhat: 0.3444884802469094,-0.09201703867439413,0.150986508431024,0.027307117582649098,0.1933323835061092,-0.06420509270204322,-0.0794601808464675,-0.005026005785035692,-0.04696367015357794,-0.01369561182817826,-46.824706377113905
mhat: 0.041380791989777684,-0.2388502630891446,0.0983398771230016,-0.01698724447205629,-0.027435337459965525,-0.056951835550844876,-0.07144085318237728,-0.003190772207270044,-0.03939287671170254,-0.011826706158185527,-47.240220713287535
mhat: 0.2593464657473734,-0.18366284687610157,0.10889750884048381,-0.07693483760910155,0.06475180341342542,-0.05011715801745747,-0.06669420253827645,-0.0033568703310154777,-0.03613166348140256,-0.011064253798469191,-39.783068388373536
mhat: 0.17455963870696425,-0.12826887476345813,0.10735878412143933,-0.07067467119427688,0.06427329326650313,-0.03989548937015691,-0.05806837098546705,-0.0022847016015564475,-0.03147493845301545,-0.009498141937643412,-29.74492794233035
mhat: -0.13296164117253645,-0.13442439840130022,0.029912026540966377,-0.13410861263553572,-0.03494579217133799,-0.060761706821304405,-0.06675581060867847,-0.0023186495910049823,-0.0426340735900586,-0.010296332148143525,-29.014828055673444
mhat: -0.018445255828868863,0.06872408235774081,-0.003437775183771459,-0.048728862887552384,-0.015201382791545426,-0.059102533983359115,-0.06297527072212553,-0.0025959803833418087,-0.04054805562702977,-0.010371941503817888,-29.25716098834147
mhat: -0.06119995008754141,-0.011884457515072678,0.009055992476429617,-0.01724008089755237,-0.025199248965559126,-0.053756579275739076,-0.05661102644295266,-0.0023323961543941516,-0.03694641161600357,-0.009363304536311482,-36.564621944801274
mhat: -0.1743427160010212,-0.07020130162713645,0.07409417330300251,-0.16756445348115506,-0.02535356674658925,-0.04580136365433432,-0.0516776703889754,-0.001460218497238431,-0.034307585971308695,-0.008860529726338686,-46.42294402161032
mhat: -0.34254691619597244,-0.23992941799431242,0.02427646538313301,-0.16488439752893475,0.005630174839177951,-0.04282495079856269,-0.04706398230694736,-0.0013114411647661432,-0.03061928174191052,-0.008249555911792605,-49.90501449662625
mhat: -0.350851286744785,-0.05848027331932082,0.021029183031480086,-0.0940163972347626,-0.020628270299492858,-0.05344732959418089,-0.05840561707968661,-0.0012197716946515317,-0.03685953100357214,-0.009757978593857648,-55.198749014747314
mhat: -0.3444458020768893,-0.04357041099878076,0.004043835862431257,-0.0608114272638729,-0.036488161843983576,-0.05633129866084995,-0.05253131902177133,-0.0016369944941974038,-0.043351349737208895,-0.00782119070426588,-60.58930278729078
mhat: -0.4307484787003201,-0.22973576769777523,-0.04624260581387127,-0.21223730998397358,-0.06098807829458214,-0.054463858043216115,-0.04917903924680435,-0.0013805038976114404,-0.04264955425636192,-0.0078740403493351,-59.790487712320996
mhat: -0.30622927642221726,-0.14058987206566972,0.0012786978407053602,-0.1799133913042996,-0.00904941464209855,-0.04270000220655394,-0.03762628948549062,-0.0018657553359362382,-0.030284337271776443,-0.006774357478182072,-53.15401019930452
mhat: -0.20865160912766795,-0.10262673191020107,0.020949159115599882,-0.12699734196326298,-0.01203132525351214,-0.12610613624068814,-0.07196047489120928,-0.0012994548998241618,-0.07692370507114549,-0.018589695438826728,-47.12053765671312
mhat: -0.304784125306951,-0.11143508718944145,-0.07868426992227026,-0.06867111803210157,-0.08684664690528358,-0.12910887715829117,-0.0647101118486964,-0.0020330169763062905,-0.087213143783285,-0.01719668068961662,-34.07555659937273
mhat: -0.2883405624646363,-0.12149530553691695,-0.07351630971520898,-0.08414642113881281,-0.12607436787738477,-0.11766349727978287,-0.05925360614548527,-0.0018536980870017278,-0.07976348281426121,-0.015827796010656116,-31.41933636455483
mhat: -0.4169256157918808,-0.22190905579746495,-0.16258340166498006,-0.24277083151319,-0.17265756166221555,-0.10750300895471442,-0.054245094013885574,-0.0021621348047232156,-0.07288561261003172,-0.014573592226486607,-24.198130147778112
mhat: -0.17157986263378486,-0.14287402899940987,-0.09491293094730491,-0.1858746319527839,-0.12467240037522641,-0.09490083877738668,-0.04866905643725037,-0.0018687783598796861,-0.06540019332684528,-0.0127840845115875,-26.047603437845268
mhat: 0.19694759343265208,0.14474359494271002,0.00680219978763207,-0.07428409933923664,0.031029275741753903,-0.08705405899646564,-0.0445618073842789,-0.001775552726420872,-0.05959598479898332,-0.011905092130693393,-31.892907751842213
mhat: -0.3173700794000881,-0.07397624309789327,-0.041613899641561564,-0.1261522360140957,-0.029126442876923474,-0.08426742928143903,-0.04411764566251783,-0.0010526535790819185,-0.05464485525658119,-0.01336802634120833,-42.382132348392155
mhat: -0.0112369235801231,0.08100781576130006,0.0341985812090567,-0.017453654998253555,0.14397193350710003,-0.09128670728917877,-0.047727255273132256,-1.2863627347798525E-4,-0.0527519464804086,-0.01480894973729606,-50.32020979511457
mhat: 0.12911773187995032,0.04950978080306758,0.13054339745913462,-3.341220539459351E-4,0.2006549264799694,-0.08289293034275232,-0.043672300105475084,-4.1342233174042606E-5,-0.04822175605166885,-0.013602712226658447,-53.71722010693282
mhat: 0.24519180907103905,0.18817813759013371,0.17773245251551525,0.13706823688658049,0.3301723547072752,-0.0699761566939486,-0.035968777817599204,-0.0030550685567704693,-0.041840168941617684,-0.01086525448831151,-51.29646946232969
mhat: 0.1951526867319989,0.25931160082738863,0.20491116995809816,0.16346857236514784,0.24414352139698206,-0.05778889870296268,-0.025848942324754737,-0.002656625896705819,-0.03144386441708059,-0.008613849421714781,-40.10539713625179
mhat: -0.09741801104177981,0.13095889323169518,0.11261165112710941,0.10970169495513536,0.05851664600524984,-0.06631427898281445,-0.03539538796820395,-0.005071187282297737,-0.03539917174922809,-0.013033369941811208,-34.251273225082706
mhat: -0.10054522731329778,0.16797302609153592,0.14295742045045448,0.1429594744774241,0.06684721163756459,-0.13720082826590854,-0.09862146716554542,-0.014133281104978279,-0.0889032161529116,-0.008258095393051609,-27.29962385702879
mhat: -0.2177752214576115,-0.028111379917394826,0.15670738517825866,0.1272582863705285,-0.08466358493177431,-0.12968775995705498,-0.09178625932112992,-0.012262249589948765,-0.08611439265223023,-0.00748344491408473,-19.008392377355605
mhat: -0.20031686862562237,-0.0042875117359661395,0.09990468182428995,0.13404454527911197,-0.12139925979833942,-0.12447483720762005,-0.0907130312911208,-0.009769066126091049,-0.08273132132731875,-0.010262988112821538,-22.743924009439333
mhat: -0.12276890315462859,0.036506806930644564,0.18565661875481182,0.12160110578168792,-0.20324595332189052,-0.11183216412643818,-0.08165349044855157,-0.008755745722285206,-0.07436559556167723,-0.009085642678588038,-32.7251309602599
mhat: -0.29597311203087373,-0.16428525710193667,0.14148972360679668,-0.004981724603202437,-0.39610523032527384,-0.10287753499000075,-0.07402482377014111,-0.008529484155570925,-0.06741503911810492,-0.008307034530645827,-41.21876861463252
mhat: -0.4031717892527147,-0.21563608255058336,0.10253846005546004,-0.048421202580425295,-0.4697989165115795,-0.08657997249669369,-0.0629455859149259,-0.007637219787893856,-0.05895578617768361,-0.006296872665347442,-53.55248532996243
mhat: -0.2350890494016054,-0.12971255647844723,0.15206863045244629,-0.03193878590557866,-0.3918273549911077,-0.07974742825117029,-0.05656170666539654,-0.008005687393619036,-0.053121289735845234,-0.0054744728700967474,-51.77615869031497
mhat: -0.4583120327836182,-0.2038835145887959,0.133152432483511,-0.06340859905222707,-0.5399982067289835,-0.07996344403296765,-0.05643708322397152,-0.008731487607531094,-0.05140669380409752,-0.006784533809810284,-50.52455023782741
mhat: -0.40302020043077974,-0.3335975543915293,0.07091112819664583,-0.09702916533796833,-0.49852908173004734,-0.08400522327850597,-0.04813989405064244,-0.006696809925732936,-0.05445188354321864,-0.006545927829270954,-43.47769917288034
mhat: -0.48887717250130935,-0.3405607304131254,0.038008761979307165,-0.05534503598489979,-0.37304273406333244,-0.0760487597573169,-0.04350005047405557,-0.006045208639479254,-0.04892928772983047,-0.005827049940576934,-44.13888863201243
mhat: -0.4069985557770219,-0.3113585089287014,0.05721855953449759,-0.04891720440177112,-0.29605522830597913,-0.08077226679181095,-0.0416105018279049,-0.002903300386773635,-0.05005742149337723,-0.004609831629658086,-42.503384879277064
mhat: -0.1411320803789952,-0.14241901717378125,0.13101007427685596,0.04406102589965254,-0.13221141967441807,-0.07396091605695397,-0.03673246809825166,-0.0029388837003536373,-0.04437751338941621,-0.005141024357693253,-33.62665881698016
mhat: 0.11994512795706516,0.059992322261320605,0.1857684359553791,0.08870808204270034,-0.08766632001473056,-0.0653787599760924,-0.03283636863867318,-0.00269440172460708,-0.03816340355884222,-0.0037399604715853373,-27.8942282385595
mhat: 0.2941442963478658,0.16966908320046148,0.23520687676706736,0.10690119353251218,-0.01297105972580346,-0.05067464628194577,-0.020622250307447302,-0.002406974118964978,-0.024603191887905843,9.218192214217611E-4,-24.19050187596129
mhat: 0.49514988877695976,0.10427089840175591,0.30433454180484526,0.08188461358935721,0.07680855955795082,-0.04258411419341628,-0.01634305525337327,-0.0016135684092994955,-0.021331939344528022,5.006179607566119E-4,-29.953704250207586
mhat: 0.604630372317219,0.11597062532317863,0.3117853772128987,0.12113659710535607,0.11217936176133696,-0.04635325728327919,-0.017738962652126718,-0.0023423855036689657,-0.02184566607607536,-0.0014289681005793806,-36.37966659604171
mhat: 0.06905226114384802,-0.2982605497518416,0.1477128409058447,-0.015676606061827383,0.04410119845185078,-0.0410470810105091,-0.01555066074724787,-0.002026123159492825,-0.01933769087432471,-9.513763662889927E-4,-36.910218143358726
mhat: 0.020048537799291027,-0.17746445842402997,0.10944440183833734,-0.002898230592259966,0.0647611104962053,-0.03538134922345077,-0.013164919767707273,-0.0011782883583206344,-0.016484805980339187,-0.0010949309123346929,-45.374917221130026
mhat: 0.13496551357591496,-0.03820502259113492,0.137091569320022,0.07776796651173475,0.08930526314229632,-0.026143764564909244,-0.010514413144633321,-3.6511800621569283E-4,-0.0118162713903214,1.9551095191603196E-5,-38.865909243380415
mhat: -0.037765664936402855,-0.16037368841068453,0.10101217828731462,0.0635721783008618,0.02692685559953225,0.03485121638175396,-0.0027937174115372325,-9.826668180894333E-4,-0.0052552056337128615,0.015435636414987903,-33.95291148228762
mhat: -0.05080797950006061,-0.20197730480588622,0.14714961518296651,0.019912562375142252,-0.057492745126669416,0.031062161877957028,-0.002852969059819061,-9.912025800721087E-4,-0.0051168083889167335,0.013782966416053503,-36.53277799168508
mhat: 0.15909853819665815,-0.09857052796147951,0.14092526555388776,0.03345295036377483,0.023050687344900574,0.03084792414905801,-0.005829638346180041,4.4276272594913726E-4,-0.005257744055938441,0.012503471642100214,-33.16612374507271
mhat: 0.46894569350747894,0.12618987792238973,0.23477359252852958,0.18918555390979244,0.19077047010081932,0.034971977753495594,-9.11839127826083E-4,5.531231678203047E-4,-2.8762849967405756E-4,0.013156857348860875,-23.06667874319988
mhat: 0.6652269141776648,0.12133468272981866,0.19685064925548387,0.23161681247717333,0.310351963181681,0.03244533170538403,-4.2209019689038764E-4,0.001472957688044875,4.437912094320462E-4,0.012235108292727705,-17.19917853104221
mhat: 0.6425675382138657,0.10706655122159775,0.106232019819985,0.2548551817894143,0.3152382308616173,0.03095593573403917,1.0687504133779368E-4,0.0016085688776482582,0.0011773845552486661,0.010926593434628125,-18.986451130167456
mhat: 0.5550526644714232,0.07357616716145927,0.06684788585396628,0.2284629870272772,0.23567076068166543,0.013883752118490711,-0.008011677616735855,-4.210974119672298E-4,-0.010110568847492634,0.009284834722688188,-20.73645222789173
mhat: 0.3108856360635374,0.037926269874782224,0.009351436711638671,0.18994659330564564,0.10981890865413284,0.012562584318316474,-0.0076507405077014205,-4.946840792562585E-4,-0.008987884202543563,0.008697654506298646,-31.222273001610425
mhat: 0.5908347830465688,0.12004264095254132,0.0871769954156746,0.28278179680522436,0.25050230722750844,0.022214980347923394,-0.004254447683137018,-6.496525652553711E-4,-0.005447830819350795,0.009154249408310906,-34.18128631580501
mhat: 0.4565348870291788,-0.04343803530682169,0.034086575068032414,0.25053045717836026,0.209867997617616,0.009408044048764367,-0.008882895757650274,-0.0026661656255757404,-0.007398411431149426,0.008952941515228385,-34.67087024678002
mhat: 0.6964722501845915,0.2534463528755553,0.1686523627410375,0.3396485220795287,0.3361603962336731,0.01771893206567932,-0.00320520112038884,-7.235359728076508E-4,-0.0012421462934771393,0.009126660314120605,-26.80065749310557
mhat: 0.15485790228542867,-0.044820922190271895,0.1003376095916044,0.1414496661526835,0.12934932279747227,0.0015589933694994662,-0.002265083865843679,-1.429166605820031E-5,-0.00964901983296106,0.007804711924042439,-22.156028230500024
mhat: 0.4073519294771851,0.13848518232994586,0.15696533202587865,0.16347967777236064,0.18254739905626086,5.530962121416607E-4,-0.0021809330888313528,-4.0368505458719277E-4,-0.009052042138014176,0.0070834170961828905,-15.09104963639667
mhat: -0.4380181501662156,-0.2509572561113571,0.03415301694972036,-0.15777633993232845,-0.1139441931098783,8.224334183572717E-5,-0.002941682127146053,-7.911732707790638E-4,-0.00914945690898837,0.006386558426444345,-15.478084679267779
mhat: -0.189463828928306,-0.18195557163055143,0.13827649741994344,-0.0864880198599275,-0.059602279048927426,-0.002388184692250194,-0.004365267219150128,-0.001312327572306532,-0.010413979036679533,0.0055267190421619825,-13.075378925401992
mhat: 0.0625877354473706,-0.13079025607024716,0.1841183623727065,-0.04601901739474702,0.12021156961117767,-4.412361686968186E-4,2.4108551785106171E-4,-6.192624189550867E-4,-0.00798457711755642,0.005926620197557281,-23.504849379674337
mhat: -0.1671215387711651,-0.2499528711990895,0.14137315240885523,-0.03130996880428232,-0.04285713203743903,3.653160019593327E-4,0.001783892109891655,-8.860047664770264E-5,-0.006952800684792366,0.00509627426447418,-31.573856668790448
mhat: 0.2838971250532363,-0.0017950249958558972,0.16533537322666358,0.01596351924773228,0.11971529642597167,4.8678120412259365E-4,0.001057611339755371,4.46820648937121E-5,-0.005678692185617007,0.00553375766450447,-44.23530060124125
mhat: 0.32970680008805653,-0.022641767720866884,0.19012219523494964,-0.01839875382895856,0.13906998662580516,0.0012597681884967359,4.1826913447681985E-4,7.023013775703296E-4,-0.004655855785407746,0.0050735129350041154,-49.50145074565154
mhat: 0.15787406631145712,0.0034567891680389574,0.05951940128332694,-0.14683469369858712,0.0011308462791384535,0.002001569123093531,0.001265504620846438,8.275219522481479E-4,-0.003240895894886431,0.004846169150769493,-52.01126525729215
mhat: -0.047073103989392066,-0.11318812498444705,0.09543041475122498,-0.12322648374570419,-0.04044152919311295,-0.0024200272762698034,1.8849413259301154E-4,5.812152231938353E-4,-0.005214646260252191,0.004082198141935673,-52.98571712012758
mhat: 0.22988747719143335,0.06261731451885429,0.17476067146008187,0.0452571795112204,0.11970989223705038,0.013468112283718288,0.006398854461898926,6.90462310310551E-4,-0.0014966971979595458,0.007133104973511857,-45.69957632985918
mhat: 0.35380909107847425,0.08945409071615779,0.22477958534496245,0.12913517093526283,0.06730309258566276,4.085860035961463E-4,-0.0019005365255456677,8.234498645472671E-4,-0.00753296058160269,0.002996804703423661,-33.059700335126834
mhat: 0.7048266786157548,0.26498880291755833,0.2967021820440594,0.18613880166184688,0.30183272139564693,0.028833384069391954,0.015377386564776822,0.0026508674364008125,0.008602968092069972,0.006070858022068519,-29.603683185547368
mhat: 0.8733622685248805,0.3222615077099517,0.28946491986395495,0.2775096486021039,0.37482353317566175,0.02432525404555437,0.012403778388500588,0.0023293224729331995,0.007224901533664138,0.0050620534225828155,-15.096487317863264
mhat: 0.7580012326712919,0.30051154748379494,0.27011087094370845,0.2659610528047961,0.3340437096403753,0.041533804874962325,0.040045278080986596,0.003248816667745257,0.02854109718484749,0.006002723458277361,-19.842737034029884
mhat: 0.5094107505399865,0.3188583138103632,0.2033466795052606,0.14475262424756477,0.3033578586435492,0.0373929812797411,0.035989830279690264,0.0030468073430300344,0.025954359019288786,0.00539851908104403,-19.805834671543412
mhat: 0.22195643177434202,0.061712211020208595,0.1541693727702624,0.10143520670233247,0.12989380738776998,0.03136867803687663,0.030439752108137437,0.0024179613600847083,0.02274054920227812,0.005071915733762799,-33.659825137771534
mhat: 0.060672855414790054,-0.0063675436595003404,0.08760521128510236,0.018998834207526436,0.06961933334151295,0.031229810525832114,0.030186110551413778,0.0011279756081337287,0.01902035383609209,0.004994528018775258,-39.55902193649431
mhat: 7.809208543722944E-4,0.08192445806756377,0.1679992153295516,-0.012522608645673358,0.045049307517921425,-0.006776265652563576,-0.007112145029024389,5.431078799009304E-4,0.0032213276917871375,0.0038648978952788428,-42.64092399681475
mhat: 0.28507894964339603,0.21931156705569174,0.16925502065023731,0.10927459267970834,0.14440303714840416,-0.005302683748865761,-0.006547761436764496,2.8741603970669434E-4,0.0027892316469613574,0.003389599354016046,-30.88674397800789
mhat: 0.09411019061806537,0.16231559945745772,0.18157799833735072,0.06128065462587199,-2.8492757524081416E-4,-0.01215080360381042,-0.00984685244433945,-2.627969048891771E-4,-5.697664178434565E-4,0.0013042529238059888,-30.273015217804016
mhat: 0.09631852801237342,0.2051952047733188,0.19623833221103562,0.06226326545506834,-0.03369515030922989,-0.007825562486313813,-0.007202322999225766,7.135138542460853E-4,7.121239733094194E-4,0.0019495332707046527,-34.20892571379862
mhat: 0.2504490932598626,0.25953248003447504,0.19106704486546552,0.15057986220720557,0.03173371685072969,-0.007991495718505034,-0.0074871762502931845,5.093224361515024E-4,-1.3165319891390439E-4,0.0015394044494221226,-31.451872267123278
mhat: -0.11139230421224929,0.027740088845265024,0.1988103414173023,0.0022029947627250778,-0.018710884308896353,-0.006733129864535074,-0.006560685927965038,4.8574152068529125E-4,-3.345466223334251E-5,0.0015253398805577137,-33.77385702843359
mhat: -0.2304701959208415,0.08084984043702781,0.07685379792359316,-0.059857242041635686,-0.07894143587587839,-0.027415871987448368,-0.01725447629930533,-0.0025858868080910107,-0.01051949241238116,9.390044729889887E-4,-33.80145923701232
mhat: -0.07778713071600639,0.0968723657461111,0.11943959850611445,-0.01150844962289688,-0.1326682341591001,-0.023326334106115433,-0.015397787820927057,-0.002209271890478715,-0.008434642125434166,7.945419626733665E-4,-31.14882223747461
mhat: 0.024318191352779274,0.1653120987175191,0.14719819821677166,-0.005146992101474131,-0.022455394671610042,-0.10532016924088014,-0.07253706873025349,-0.009877032967352263,-0.016290517576039807,-0.008452607352420123,-39.38453510436963
mhat: 0.26518091908954683,0.19309917089945974,0.15802099278483728,0.07557233432052476,0.05820710472129298,-0.09027449014314513,-0.06537620493243858,-0.008583057644789603,-0.012557261344846261,-0.008208683854467002,-37.23699760950299
mhat: -0.31557064358419146,-0.11472461509610019,0.058146045883442604,0.07996207074714755,0.016946339024823405,-0.0703218661472217,-0.0560658616282146,-0.004986691023602794,-0.010532344269628619,-0.0069669241431662005,-27.417081063703325
mhat: -0.4102346645905669,-0.31024156565711974,0.026669346463400755,-0.018889952944349784,-0.06139070023871542,-0.06955086021820144,-0.05581258211194134,-0.0081497619907318,-0.013944547176226313,-0.0063208047142699056,-30.785140242086992
mhat: -0.44817344957447564,-0.2638771899562066,-0.0250843722842513,-0.041277107751966594,-0.09520329043918101,-0.06128412259552555,-0.048603863708313176,-0.006703913322015144,-0.011459332347735565,-0.005067523292243282,-28.254663834010834
mhat: -0.7479641421787957,-0.4128025635960802,-0.06123115684118526,-0.0886081862024652,-0.19765713398407578,-0.056312582797108664,-0.04370745555365946,-0.005907237009954237,-0.011452059019529443,-0.004230856601083596,-25.08645312019898
mhat: -0.7012094044553338,-0.40445780724278513,0.020411334184592334,-0.10915231480908248,-0.19822910239794672,-0.049728496332986795,-0.03681049595261569,-0.003935243113689176,-0.010597338637534018,-0.0034456283958126414,-35.32382447806783
mhat: -0.7526571909757225,-0.588808087849634,-0.06254227292418836,-0.17677790873300347,-0.2756946484425185,-0.04511504542588367,-0.03284523213338608,-0.003589339257034749,-0.009130787687334864,-0.002916996260857887,-44.06984267765853
mhat: -0.8221996358217936,-0.6598970323628367,-0.14897909926360947,-0.19265131419051065,-0.40502061840178927,-0.0403887576809911,-0.029768703387991122,-0.0031819565750394064,-0.00817988648709927,-0.0023909521090728397,-44.064826181924
mhat: -0.9555073623780929,-0.7113686087210741,-0.17831972806141722,-0.16166809366790538,-0.3408105396273837,-0.03574252011628108,-0.026471811248840613,-0.002804372098416678,-0.007001827583999528,-0.0019843016963330532,-44.028898870345024
mhat: -0.4658733178766466,-0.43918097011256313,-0.17453820385528296,0.045313887334785675,-0.14627781639266382,-0.03193189975307064,-0.024103562285993585,-0.003063150973354514,-0.005969330463270442,-0.0018258277423485658,-43.89409453238371
mhat: -0.49062342222395566,-0.4326245493579832,-0.16725474482524377,0.055545183448729094,-0.15392357769081377,-0.027721414328870337,-0.021458990952259307,-0.002338540831007598,-0.005994033837048032,-0.0013637156968035102,-32.360974776860026
mhat: -0.674461827138504,-0.49935467566164427,-0.18497144208059693,-0.05759881534900966,-0.2251721779249897,-0.024127426885040673,-0.020007611076707038,-0.001999228587122404,-0.004476269181925678,-0.0017305396449118881,-34.47948937916025
mhat: -0.8853943489877762,-0.7266751810717236,-0.24706129840914287,-0.17029894333959897,-0.3807919303928986,-0.026180911339978935,-0.02007538993926068,-0.0024012239816509633,-0.006459515398361329,-0.0027349728346733617,-33.5235253889564
mhat: -0.9618825449177479,-0.7439600326800755,-0.2757247281270638,-0.1394386122207456,-0.3793435967427142,-0.027187469341192573,-0.024915033701460147,-0.0030692294051403086,-0.006052409668991753,-0.0029674599385543002,-28.547084675903474
mhat: -0.6888400793106465,-0.5821882066146803,-0.1700980648048472,-0.06511511084824924,-0.21673176509869047,-0.022175688251918627,-0.021233748507337412,-0.0027353565283487736,-0.004388324256205116,-0.002658495587522488,-34.240168009080996
mhat: -0.5746714639343438,-0.5307725284380616,-0.1804261593351625,-0.066719544189544,-0.16203368291082146,0.015566396175425268,-5.237142611078995E-4,-6.462027088462858E-4,0.0065545376182689005,-0.0013597732054525344,-29.799332821644395
mhat: -0.4578470235167045,-0.43100887797361964,-0.1582355841584664,-0.045361562940950804,-0.1509887734019563,0.044844054503367606,0.012765820869302523,-7.220506914690115E-4,0.01396729347532619,0.0032371066774833494,-24.81287264073204
mhat: -0.247099399524906,-0.28423857333543456,-0.11249438429125125,0.03280738659955847,-0.054541513465068976,0.035553342415561226,0.00841528254169504,-0.0015977185313651996,0.010711483079851555,0.001648726617423262,-15.323649392346653
mhat: -0.3021714431485366,-0.2953310453469638,-0.11504371230481882,0.01851768534201297,-0.10287567918993734,0.03157920396769964,0.006983396935667899,-0.001580508924143884,0.009069425965455947,0.0012205489792742317,-15.731083626790726
mhat: -0.07353681718871502,-0.045213393912485855,-0.04893863058025167,0.09125932299652646,-0.03352937072807653,0.028297208294773613,0.005548772096277189,-0.0014461337028023687,0.007950973115470463,0.0010282310995800036,-20.165160223821257
mhat: -0.035982386945693313,-0.10397246788395806,-0.03619728032390145,0.1136365306333978,-0.008253897592611277,0.027502036400225135,0.013630789677499167,-0.0011430234033718365,0.01106131351248734,0.00205651176429803,-41.057418560693215
mhat: -0.45517885801068947,-0.4055396997556407,-0.18717033936526337,0.025001148288714706,-0.2753393793673408,0.025008580213299336,0.012640680632517717,-0.0010921171433990442,0.010728065273341938,0.0018563657649318908,-60.995898079028656
mhat: -0.3745778114096039,-0.4508284517853336,-0.19554985258248636,0.04129282716691319,-0.2584368323227574,0.025719389796425327,0.01122188968571896,-0.0010286374504115067,0.010416009608928542,0.0027704619671287045,-62.51946493105659
mhat: -0.4982587747455985,-0.4676954332245692,-0.1715428667052715,0.0212411029670451,-0.28125102015968534,0.01849088033105391,0.008401608438894769,-0.001039597743076923,0.007201016223699812,0.001446866552105762,-50.53294921972759
mhat: -0.48400950298696893,-0.3381159552594123,-0.20521318810601544,-0.08059506403234135,-0.19719763242860208,0.013481630210115253,0.0038820095303776555,-0.001739689133723616,0.004590587752402485,0.0014715367228199064,-26.713498464351783
mhat: -0.23979452526714376,-0.27643797634190065,-0.11654124163575486,0.009377936774859912,-0.10013852702908645,0.009202727652451356,0.0022495869055124407,-0.0021480481952989,0.0027328065267178824,8.108652649673249E-4,-8.52409573604538
mhat: -0.2596172086917076,-0.19043941761154887,-0.1194291732850578,-0.08324909530780562,-0.03415378943963319,-0.011599862042793929,-0.009874244752004033,-0.0015176902292003116,-0.00595447914438111,2.3501554398637215E-4,-1.0998524419313584
mhat: -0.14941749833325219,0.020734080605425424,-0.09082277983820201,-0.0501277368995643,0.04045080987089057,-0.008226029997964263,-0.009238665018387804,-0.002019045871248025,-0.0055534283905650465,0.0014017271601393935,-5.2839132775182565
mhat: -0.23687096126573032,-0.11579160573229927,-0.09316800412712609,-0.02476636690868221,-0.00601279953444544,-0.011096963980411103,-0.008957413221042454,-0.0017952877902792138,-0.007567254277567091,6.068800378002404E-4,-10.338524483923436
mhat: -0.11835946532598315,-0.12009151707975174,-0.13092743677241545,0.15144365325679604,-0.014385267684725018,-0.003980553239014233,-0.007479643376051995,-0.002230235058529144,-0.006975784550542295,0.001533231926238383,-14.780618278838878
mhat: -0.2048984975234686,-0.13972346349626671,-0.11212585001305687,0.14956961037899127,-0.007505157915943189,-0.016839439185821935,-0.016886481525882565,-0.004570801595864613,-0.010991412186180346,0.001590604756773532,-31.1584016280255
mhat: -0.40922594855985256,-0.2312042779881439,-0.0798150696430129,0.13993009411401225,-0.16886980011084618,-0.014102516884973342,-0.014341924625811167,-0.004376286432086927,-0.009232673105896302,0.0017222697171959643,-43.17011906502139
mhat: -0.3659696991071021,-0.3052074876654566,-0.10791156300828025,0.14889789956493368,-0.13899050194277332,-0.013200832552777904,-0.013653720776026952,-0.0038981461682756745,-0.009146187042838556,0.0011453284782789732,-40.83792978702328
mhat: -0.4707654277222286,-0.373929135938895,-0.0873740645702597,0.05342807292226036,-0.2061997493875897,-9.94304778569762E-4,-0.0077133415428334,-0.003418968140202659,-0.0053804625325261585,0.0024207895841049723,-54.355880887438815
mhat: -0.3522463163039013,-0.31010726863328425,-0.06592430053728116,0.09281526999971805,-0.08216419898708625,3.6306615780841054E-4,-0.006887195242703537,-0.0029828815989256783,-0.004196973355516662,0.0020077213597386703,-48.757912315644376
mhat: -0.4447814748409682,-0.30300199446493337,-0.07446919910731337,0.04765955730290778,-0.025180734096452922,-8.390524626858305E-4,-0.007053388407705847,-0.003486411673716576,-0.0041565061257233735,0.0019646753847825387,-47.3642421340617
mhat: -0.38756892075996807,-0.25282332492865106,-0.07690331422879106,0.028519204473332043,-0.08044869573970692,-0.003703177179385492,-0.008653000196065087,-0.004026224305366119,-0.006952795036814204,7.398357911425192E-4,-19.696036411197618
mhat: -0.3810446497047438,-0.3746336109197359,-0.08900843754795383,0.10878832706950252,-0.10346109006670884,-0.004210834045898908,-0.006774128463726416,-0.003561060042972536,-0.0062289572898449694,0.0010080270796465304,-14.148715742305345
mhat: -0.357352550583454,-0.3329893763847431,-0.08521860141716772,0.08227004650744595,-0.09036041995866802,0.006559639990243224,-0.0027801495396990016,-0.0031353407755928694,-0.004585628307220083,0.002334332340206438,3.711692539938403
mhat: -0.16502747839330784,-0.15115403629110036,-0.012776791603693563,0.14014405909509825,-0.010957782526648523,0.006557870076172615,-0.0018939045255568008,-0.002815491734502711,-0.003569591347533024,0.0019967016704165426,8.84751655612345
mhat: -0.040275303824071136,-0.016513631437825776,0.042852486448886076,0.19079391742858745,0.05358938501391237,0.005817000917881466,-0.0015913771041413773,-0.0026710602246931663,-0.0048266748361933095,0.002351516307715972,-8.849090248344181
mhat: 0.06236883307855118,0.15825830660825294,0.12154043332645872,0.26558646766591115,0.11443733468569145,0.005718330050937232,-0.0021577312790671196,-0.0025348747570197254,-0.00270980556137324,0.0024708025166306066,-26.026467531497982
mhat: 0.034075156605278226,0.08396360440662083,0.1288642261113469,0.2220439284524871,0.1488914256654098,0.0038975160664967102,-0.0019127791945899048,-0.00233238588987411,-0.003204789497926018,0.0023538534521711373,-37.66170008273049
mhat: -0.42037364949706135,-0.24744593193616055,-0.0667932533212624,-0.012353335249713633,-0.10102930543802666,7.421901025328314E-4,-0.0032193649970008106,-0.002226545397493546,-0.005398906000254195,0.0016912506035265758,-55.1627419633213
mhat: -0.04119848356360215,-0.07340128347049656,0.01867155122024281,0.09117480568003508,-0.1286343777714559,-0.005995775343076204,-0.015965752460345536,-0.001977701496730216,-0.009977566022641682,1.2664463552286226E-4,-58.08655894511249
mhat: -0.025201820265528353,-0.05374262704356658,0.010746649302247903,0.13706086516514038,-0.056010296446481846,0.008773273080661968,0.003291866568330361,0.0026756461302030288,0.004277247826321306,1.7938465452212353E-4,-49.87394249729676
mhat: -0.1209227910483266,-0.051991630519882634,0.01678540295736643,0.15500192627779874,-0.0012815810573533692,0.10553783436749892,0.053159716672639544,0.0012564893993211228,0.013942800468502903,0.006482164770393084,-38.46715413522805
mhat: -0.2287679475089668,-0.01959174146792547,-0.0030685529951172165,0.0819530306951831,-0.016118520989554453,0.10929826621211029,0.052340795698408674,0.003047434657535683,0.01689409391060972,0.006143137271302073,-38.303628442834125
mhat: -0.2543758478766041,-0.04239046847914639,0.021180313880550947,0.04312248533291919,0.03657436613916465,0.10070421214478793,0.05398500526495392,0.003664127778642608,0.015804356765860113,0.007819818325307419,-5.718219021344649
mhat: -0.12549528513182248,-0.015057464061097986,0.08138748186552978,0.04555377603615765,-0.007108385045884541,0.09525333866763346,0.050608981795478646,0.004065680418838246,0.015644949332790335,0.00800518271964004,6.40334684711607
mhat: -0.07594339234488359,-0.029611595918160344,0.11433337288425158,0.03257325458269959,-0.06781164051877742,0.08549616763294271,0.04521147056082157,0.0036084896963727584,0.013904674054593388,0.007097363650270644,13.52708973293
mhat: -0.22041254831023838,-0.1067020567370274,0.11246791298615667,-0.0893220142474089,-0.07029278617397434,0.07159642112802266,0.035596826158198015,0.0029021080204302764,0.010845264681206463,0.0054659546928759704,3.6723807086580424
mhat: -0.5304768209098388,-0.26975040695710095,0.0846536115059847,-0.2023347431849677,-0.11875443740466426,0.06467636218818185,0.03251718216671053,0.003148481218764385,0.010774961367142179,0.004897661036764619,-10.059360280622627
mhat: -0.32196244432232884,-0.21097124207695517,0.09987583264941842,-0.11890928039676804,-0.08035535905282214,0.06208733397508726,0.030362415762083123,0.003477596994191517,0.011891030406150182,0.003967968724299535,-31.56884077020553
mhat: -0.1732544804078434,-0.2036834937511248,0.12646217963341452,-0.0409868508810617,0.010696387643547415,0.05839375367324953,0.030245971227630147,0.0033851623995836354,0.013096525956444572,0.0036846334930850143,-49.89286622009888
mhat: -0.0925466934149457,-0.16920642664123828,0.17994099894793106,-0.04855658036278205,0.006331561169234224,0.10169281641260881,0.04644439282979693,0.009465755846813619,0.01952222064687539,0.0036456593584968775,-55.714766775869904
mhat: -0.16921603381512854,-0.17925958253648874,0.1671414924399481,-0.12447419561575986,0.008194205869737462,0.089683171724205,0.04142634668255621,0.007991843196221886,0.017350664720478363,0.003116593730047737,-56.070197234160894
mhat: 0.03475320552400472,-0.083915640628835,0.23933928934632176,-0.07652360832289064,0.10447922595661083,0.07531102572354999,0.03558593623182904,0.007093693924404265,0.011000501551759372,0.0024553174657975644,-46.581650901300385
mhat: -0.15940152981333996,-0.22603125466897414,0.14182183828944445,-0.09539310234856645,-0.09493613097157302,0.06467560321774861,0.03053523392633173,0.0058042959306270035,0.00852137740571621,0.0016554801064655035,-38.69508976517859
mhat: -0.2850522450355066,-0.40218077103663286,0.11800853821958084,-0.1321427675113108,-0.1365309894808841,0.05244589006663677,0.02291712609441035,0.005797636841085834,0.005923274922254948,-2.8046192220006894E-4,-23.008408390105906
mhat: -0.5958472058311584,-0.35732136282919597,0.04709075225560025,-0.25288284344250156,-0.20760701341978885,0.03433409441210254,0.009465003501417423,0.0050093675772267905,-0.0029437699467915438,-7.28318118905152E-4,-20.923291737787807
mhat: -0.45644729851528154,-0.30087788595668585,0.03595480550761655,-0.18440427064719186,-0.1593803550605488,0.030630635639091776,0.008719237284134769,0.004560113272620957,-0.00266083108702923,-7.873302743258772E-4,-23.07567626577047
mhat: -0.44725188953236106,-0.29487261699436773,0.010503793473851757,-0.23502241441471208,-0.1274367772653738,0.02408924825482706,0.005197252022857559,0.0036860607283812964,-0.0013722735959519066,-0.0015381093683013221,-8.640327847382073
mhat: -0.552704460031545,-0.37597088637062176,-0.011690694758695172,-0.19181854546241411,-0.14398962170185528,0.023417797300576863,0.005948940630663219,0.0036193072766384326,-5.947952047498733E-4,-0.0013746493319018833,-22.011147156975582
mhat: -0.3804420551837657,-0.2679858110976964,0.019020867807429297,-0.14377132994016775,-0.1600501815137519,0.014981024837267641,-1.702306745124307E-4,0.0027540937182491928,-0.0038106761025885213,-0.0025243344616341134,-35.87566466655133
mhat: -0.28166782836025017,-0.19926832752188756,-0.0313201680487697,-0.10998204206676325,-0.05833856517720531,-0.002327628758054053,-0.01948630813941127,-0.0013629694728329112,-0.007650945142773082,-0.002281021016375714,-39.622593001252504
mhat: -0.4749955142844923,-0.27861640922748343,-0.07711845033945788,-0.13694113619447656,-0.19134575124820577,0.002468123143314579,-0.015216402539702458,-7.596548626347833E-4,-0.004384979733484606,-0.0020435151846870184,-36.46248830356008
mhat: -0.6143232978216873,-0.4506293233866792,-0.1321508489454424,-0.2602565165291643,-0.35577227030693637,0.0036000249368029137,-0.012956116553523387,-5.490960152580312E-4,-0.0013051615491118677,-0.0014226443535369007,-40.98066147242166
mhat: -0.4318102287040246,-0.3797802978332285,-0.10118391012465593,-0.1794726836801028,-0.3174582626257627,0.002358024854513694,-0.011951331075904764,-7.155676777653989E-4,-0.0014530340925169778,-0.0014117034516555706,-50.47792174244556
mhat: -0.3020766206656513,-0.4969624172850691,-0.06724932783697292,-0.11287229453452924,-0.22707244885556152,6.310205619677757E-4,-0.010468755802814879,-3.9402267297192065E-4,-0.0016180966207105356,-0.001656353700753215,-51.579839617612286
mhat: -0.2671799108160738,-0.4906091110445103,0.028339282105420784,-0.11505609941198819,-0.20639343073909724,0.0028918641681378457,-0.00851588426896116,3.5800297959323943E-4,-0.001111078717195071,-0.0016104754351141508,-43.95444388306168
mhat: -0.13449668207820664,-0.438706722543019,0.054053906437197916,-0.07813949391898913,-0.14464745898879647,0.03309135429288778,0.009837688502639743,2.9040998027980074E-4,0.02207082836356143,5.62547033461853E-4,-33.6489527612283
mhat: 0.08739754240245239,-0.21993761572657977,0.1159044349281981,-0.03437807534268316,-0.02456126110978575,0.028827842461638904,0.008215066325427515,-1.5240328978526912E-4,0.019667959190680408,2.0097171615444286E-4,-4.769621945758883
mhat: 0.07526790583059213,-0.2397215406776814,0.11550883165520263,-0.12594700320450927,-0.013910219026960696,-0.004141653388703305,-0.0012965575331895499,-7.799657053361913E-5,0.00871644014132659,-0.008541015595953235,-5.70065062663601
mhat: 0.17624027856970192,-0.10472165623001736,0.11433684981319159,-0.0761860724286047,0.020892736885233916,0.0012244062005475679,-0.0015039492116308614,4.3872423270548214E-4,0.010079135283829631,-0.006665399983641429,-2.8747989165034955
mhat: 0.10023126497499187,-0.2108172080883421,-0.011874246061675186,-0.15967003011951744,-0.031550869976333704,0.016667238952899035,0.02043551724668287,0.001107410486730099,0.03444453846907357,-0.002491411475430331,-23.338684411261816
mhat: 0.11750559703876763,-0.19595433687723154,-0.08015683382031245,-0.07778975050001011,0.016021143290124606,0.020350972536095337,0.018825842988456735,0.0013536570750279924,0.030455406286665397,-0.0014204894137911277,-18.287942786417553
mhat: 0.04506378058981798,-0.2301752734089511,-0.12182188965456035,-0.060184776995200015,0.03054069164175944,0.01805405769135421,0.0168485463223993,0.0011717821630313494,0.027451940951950218,-0.0013195005805713455,-25.023755736087768
mhat: 0.13204875025688848,-0.18084029092368833,-0.11134796217487122,-0.1262248850277878,0.0026218243428143303,0.019536436097944716,0.01722323217019959,0.0016234969901335436,0.024943089866335706,-0.0016422126322186094,-28.64260831437961
mhat: 0.1207598231178753,-0.31238050186565475,-0.16440899976834833,-0.14053136385551065,-0.10136264853286621,0.02027686822731846,0.01664564371562219,0.0020851989674916843,0.023878014181524767,-0.001190181999799518,-38.277608517823104
mhat: -0.03914604608778064,-0.3793394771143752,-0.20373368158860908,-0.24180857215934765,-0.12857488501159603,0.01989437636179438,0.014225574435284627,0.0013442244455976456,0.02131291874537977,-5.645490507946493E-4,-45.01694952711583
mhat: 0.11792753310247572,-0.28621242978362743,-0.1479367252013898,-0.1992202878452614,-0.051069423251401846,0.017628184958863636,0.011491598096178656,3.0604284059004264E-4,0.01668367027522647,-5.71073484121772E-4,-49.25474296979821
mhat: 0.04992794592676816,-0.29170792378902566,-0.18197946834894305,-0.2152942327730357,-0.07056767008159731,0.010940133381033668,0.008393060813889743,-2.5952286231823834E-4,0.014412404761953365,-0.0013317914634364267,-40.35859918172577
mhat: -0.08155952672617998,-0.2294883036675615,-0.15847360249233705,-0.23103299420430476,-0.13709695372329528,0.013578053017839641,0.009093467001559502,-7.434706975222625E-4,0.015988106002495932,-0.0018077321034260484,-33.914640843595535
mhat: -0.2634933224042928,-0.31245807385913804,-0.14439233264430282,-0.306240167029183,-0.20576463830958738,0.012513862838992253,0.008596549760176942,-6.266908791484684E-4,0.014606834852075147,-0.001418774531081082,-28.03777797293407
mhat: -0.35008462588003114,-0.36878187175376587,-0.18358466727961284,-0.3066456788363242,-0.23652510077386596,-0.005393553117325453,5.194122636323395E-4,-7.683946480434174E-4,-0.004536355010996909,-0.004318885114626125,-31.345468568218536
mhat: -0.3495219531783064,-0.3268581418339347,-0.1410200821347569,-0.37802895002018716,-0.271366818164163,-0.0019049495249580703,0.001641125594896678,-4.940735907772959E-4,-0.0024091299579894893,-0.002968880673935842,-20.87223130033103
mhat: -0.3220184994357914,-0.2860233463549404,-0.10356925690278179,-0.29945353813848813,-0.26284625284625385,0.007533079760060302,0.0037257228876576426,-1.943826613291487E-4,-2.0638771034307572E-4,-9.339260716726541E-4,-25.012575546164936
mhat: -0.2191852576760765,-0.19928436615714998,-0.1040525022893417,-0.23280491102933923,-0.2373717414091578,0.00975987850770531,0.004275041367680401,-6.758019131121223E-5,5.478098305430661E-4,-7.797040767666429E-4,-19.099029526083985
mhat: -0.1285020322977981,-0.1730987413414816,-0.11003573070531611,-0.20420677389438752,-0.20549795600835305,0.007036092439984992,0.0037299800462870687,-1.8431142634337606E-5,-4.5657284424073954E-5,-8.754665070993382E-4,-8.316933691509949
mhat: 0.09131562956686617,-0.09376392803041259,-0.05203011643251647,-0.09556867422313506,-0.12974504335508205,0.008343335654048758,0.004397062390829071,2.9598520874975437E-4,0.0010234851398353028,-2.952569262575516E-4,-11.9193716162748
mhat: 0.16191175145678072,0.014306240109764475,-0.01582663779874303,-0.06605448053721688,-0.05184391214193115,0.008408183762598727,0.003711302446323777,3.772195874855792E-4,0.0014331474703788442,-1.8250637784674085E-4,-9.467081546744629
mhat: 0.007748154569234349,-0.12510037799098236,-0.11099313785923771,-0.0588132267704816,-0.20345812361785898,0.007312681923263528,0.0031841517072778804,6.634534104440694E-5,7.468675014650626E-4,-2.363862275809222E-4,-18.41585220441301
mhat: 0.08578569353329533,-0.09145910232053807,-0.078305901234657,-0.03466619038434624,-0.15861791337852632,0.005217194799848409,0.0026297697323360157,-8.819481868127681E-5,3.223586160994542E-4,-4.95180511963032E-4,-30.496033583786183
mhat: 0.33618474801337067,0.20014443257866688,-0.05319734392581591,0.06865867178219143,-0.023202758575874165,-0.005059761652246221,-0.003471315211229971,9.714338555606543E-4,-0.008037386446336434,-0.002515797187672561,-30.306883182696307
mhat: 0.07255281733909932,0.09208049617348545,-0.1437081185005427,0.020973821278978212,-0.12081661788608364,-0.009059682218000147,-0.00453379188109705,-5.825382565807629E-4,-0.014122018839413136,-0.002241076319585442,-29.01969774690288
mhat: 0.11384455779834277,0.04608107342757986,-0.09758505617681962,0.009610088339737916,-0.13321117698185822,-0.010246960289101282,-0.005214781465739627,-9.143299600028458E-4,-0.013417132428701191,-0.002228608834309858,-27.919596819518016
mhat: 0.1709901920557089,0.004024748514460898,-0.09760517544988419,0.019598010704940265,-0.1582156659789975,-0.00276489340387108,-0.0011605984335471145,0.0031720578286059133,-0.008234809158768393,-0.002208589749550983,-31.05228695070014
mhat: 0.05538718321917351,-0.010132965047734891,-0.14020806454937312,0.0329043385201002,-0.3041163718850259,-0.015314032462216451,-0.007231828255074786,0.0028609436839457706,-0.014887970396849314,-0.001968084556133713,-35.7975128570577
mhat: 0.12254198327630138,0.0026312375750999215,-0.20117440040907392,0.037517580381579846,-0.1645583828519637,-0.004132433254718814,-0.004693952200165963,0.0029148179538054375,-0.01065955031908085,-0.0012275148598075776,-25.860616846237473
mhat: -0.1723161408246368,-0.25384992607185786,-0.23232669268094755,-0.0202575841809695,-0.25185274633090043,-0.004416177871522872,-0.00444303430187724,0.0025312661944623224,-0.010212942579141116,-0.0011832140679993068,-13.462231386613796
mhat: -0.34455178895198674,-0.23346528947222595,-0.24595974784286678,-0.07728629293816874,-0.24723695214093563,-0.004487984046037069,-0.004390404858250876,0.0025817191393208696,-0.009141605486962287,-0.001496659769781155,-16.770391544213133
mhat: -0.23683376274076134,-0.07920385555645165,-0.20892892823143308,-0.05812278943509264,-0.13934084580490405,-0.007540555631181747,-0.004938200191495301,0.0018455585285791132,-0.010761071769407396,-0.001831691448494675,-27.151922315240686
mhat: -0.2494752335710115,-0.10281367996592444,-0.18332223479001483,-0.06585913758510337,-0.1756577552953673,-0.0013800414596674127,-0.0035181742658255692,0.001990491045321435,-0.006409424352308537,-6.400677767092877E-4,-41.7064533306322
mhat: -0.10155428487813985,-0.10138348332450373,-0.12759119942741862,-0.052259204138628876,-0.07599083069355377,0.0018704973788116312,-0.00265669998222061,0.0020555072738193524,-0.002216135901448023,-4.990800363634507E-4,-59.13913945912569
mhat: 0.03830435564921624,-0.1281988210047782,-0.14943199381092412,0.03255163015263311,-0.05458410739405048,-0.018136911028110634,-0.005892666756550092,-0.0014454841828843077,-0.008731182597658262,-4.7287256815425145E-4,-47.85579459626764
mhat: 0.02386961100254341,-0.10468999244495909,-0.143738962593067,0.036867683074072705,-0.05158179993142604,-0.012671807417283383,-0.004515790003164196,-0.0016482143426247095,-0.007792150382452152,0.0010198306421946397,-55.8774708257978
mhat: 0.06823707043623523,-0.034764843166316714,-0.18506043672694875,0.13111677561949742,-0.09994730145052141,-0.011259672709300627,-0.0038383700174272435,-0.001476479190428828,-0.006981592526875066,8.552905003876713E-4,-43.032242457988694
mhat: -0.055726782004638674,-0.07024398895872222,-0.2076336896323959,0.07561653281414052,-0.12193338809693015,-0.010027806870094028,-0.00236558963372819,-0.0013883472694818505,-0.005850402379410535,0.0011860337480031988,-22.776471487584974
mhat: 0.16345727843170801,0.03528538307956186,-0.14463269221764655,0.1004648735093217,-5.688709515097764E-4,-0.010095565968920115,-0.002624783030934556,-0.0010045616918853478,-0.0063829385554460254,5.212997516825705E-4,-14.367613378697486
mhat: -0.08975993629110564,-0.13523017653401734,-0.18902341976641823,0.045105646399233146,-0.07944773499518763,-0.006601140639416998,-4.645600161505256E-4,-5.694089468182735E-4,-0.005494413991727144,0.0017105071129397235,-24.48625395144084
mhat: 0.17112083701793737,0.061731608025638506,-0.0906956316455753,0.1766490724405331,0.1170788007009267,-0.006303292518783631,-0.0013225577227446823,-5.338641661025811E-4,-0.005016287207339159,0.001347022534522566,-28.689196340591938
mhat: 0.13461411022516967,0.03645897022570088,-0.08006006604503985,0.08851455725175013,0.022557521624848243,-0.004789853667020539,-9.17645015501519E-4,-4.154528138390647E-4,-0.004126260964778584,0.0014624280425495093,-17.952872133060794
mhat: 0.009792110910113243,-2.039046314562983E-5,-0.06508974757940712,-0.011532278985158432,-0.00785293738647293,0.0031864397533540745,0.008776532207334433,6.044412150767049E-4,0.0016650047765433026,0.0020512683969547436,-28.218010298675726
mhat: 0.006972380986713104,-0.1258463258969614,-0.10192390969145941,-0.036781004923896465,-0.1475917090574646,-0.009637748165284047,5.240214691441554E-4,5.943128361099961E-4,-0.013434446997149511,0.0011232301042594043,-32.783325321787785
mhat: 0.10161933510004119,-0.07404549448297724,-0.045188438170714426,-0.054544502448992976,-0.10536221268189397,-0.0127012944104387,-0.0012389089677437124,3.604250419494878E-4,-0.01379914502541337,3.182679967040296E-4,-42.7433633347929
mhat: -0.01900909855379123,-0.14870499661157888,-0.0899430720106887,-0.07463660646296268,-0.07653206037674178,-0.012282117047229354,-0.004467269946090894,-8.525911519756153E-4,-0.014447731595758748,5.296122657406245E-4,-38.40058507491777
mhat: 0.01087566372968746,-0.11579212939956514,-0.06694405090188418,0.01208147867062864,-0.11065674627579175,-0.01648162629547506,-0.006079760682933367,-4.5654230193684943E-4,-0.017497126653423935,-3.9838024854039306E-4,-40.011137018095134
mhat: -0.053225915595362265,-0.11276861168832258,-0.0734863754396523,-0.008743966239935001,-0.13945422737591606,-0.015886287827858343,-0.006334773921847078,-2.9224203512209887E-4,-0.016835388522648157,-5.559765825449472E-4,-64.81456196889532
mhat: -0.07490282829276401,-0.16798157074890102,-0.0801847707998038,-0.017494217165394527,-0.11160579361678151,-0.019464318129973016,-0.010240207786970958,-2.0790353269732942E-4,-0.01808895486838788,-0.0015020055699862592,-64.64236762081447
mhat: -0.043043632235545894,-0.11164710349786443,-0.05621625378700363,-0.015655874234550386,-0.047569196490027214,-0.023217399101081844,-0.013350105302001149,8.50348823330752E-5,-0.020010755560337715,-0.002752593596582567,-52.70590952073469
mhat: 0.004966282583792402,0.026124711241675237,-0.04706617145406468,0.048638847518440935,-0.052917392018045344,-0.02133758781110619,-0.012381728528167475,1.8750142032600476E-4,-0.018855957239165336,-0.00237514393196808,-42.39519385652826
mhat: -0.06670593980524411,-0.0295118319116947,-0.057939928307659094,0.005836564398287092,-0.09967211593996954,-0.020520187964823133,-0.01137642125754904,1.5204275459667E-4,-0.017338191312195304,-0.002087756474334369,-32.490782648301504
mhat: -0.06374413833857882,-0.04077748609039971,-0.0334314809733199,0.010207222835349281,-0.10380742525229943,-0.02125626046553975,-0.011217043694074561,0.001274828544204163,-0.014264602500313393,-0.003678281340464854,-13.913268817293252
mhat: -0.08550343681258311,-0.05683396533177325,-0.03642673924219135,-0.019209542343001686,-0.10928181185127192,-0.024107905848996095,-0.014050517708807324,3.6461626136327337E-4,-0.01337784396268655,-0.004657783199141803,-3.5450330434394077
mhat: -0.11042207817550163,-0.0589587730704116,-0.03524619263098198,-0.0630789060963888,-0.042310922176636824,-0.017989142905553146,-0.009369362388362158,4.8199294290348656E-4,-0.008181101521536904,-0.003396122530260736,-2.909784133684892
mhat: -0.1231987116474991,-0.08770612747281284,-0.04631589743614593,-0.05874426124394519,-0.07405446924621008,-0.041633613253636216,-0.033553671568856455,4.0438970586939826E-4,-0.03764749165738798,-0.003084075415379285,-9.486629847198108
mhat: -0.08032889850211059,-0.2103896696632765,-0.11660796834200801,-0.050362203976362936,-0.05210898045869192,-0.038608864506181825,-0.030657821831727983,2.3626622590525157E-4,-0.03439644568566526,-0.002796947999057257,-12.051315330305455
mhat: -0.47640621384161597,-0.37498627001680906,-0.18780371098969048,-0.17122904287646287,-0.22045642724405012,-0.03999145558217892,-0.03206616039535063,3.3191232671107135E-4,-0.03682075834832037,-0.002251423464266097,-43.64232839885244
mhat: -0.650108756822868,-0.3545450054357863,-0.2478455525507018,-0.18888292788984573,-0.27211270404823396,-0.03392954577254723,-0.02872381744029604,7.284728621251796E-4,-0.032473867303655965,-0.0018761464230257687,-46.0442576478015
mhat: -0.656731348108265,-0.36292284961746746,-0.2703038515116579,-0.27383842422332366,-0.31107229080267756,-0.03106322288152064,-0.025978635336213644,5.903197582547925E-4,-0.02920957281799379,-0.002134670316501334,-39.58973422091985
mhat: -0.4308168262571408,-0.23654301090218804,-0.20073888928638356,-0.24455278170558742,-0.22915458963768828,-0.026493412139977027,-0.02180157510147956,7.944881166932677E-4,-0.024253903529317545,-0.0015713787236593568,-25.16885996609718
mhat: -0.3384618207901711,-0.28128704992847464,-0.16304340344427626,-0.18008653106375808,-0.1552941110351906,-0.023902272397406037,-0.02071396798866696,2.1896113763412506E-4,-0.02461751091270366,-0.0018530088708025962,-29.955826519584203
mhat: -0.22301604442858236,-0.3750098489018558,-0.2493489550415514,-0.14808414473666962,-0.20945164599619268,-0.021453558097191235,-0.019124870125779344,-5.860798404024565E-4,-0.02369000693573943,-0.0014756341420944007,-29.223662949700852
mhat: -0.3937438377410926,-0.4665095549133277,-0.27288093688015574,-0.169175799626876,-0.3004101720955125,-0.022453344032553668,-0.01817568661273125,-5.755026132473811E-4,-0.022885711798591928,-0.0022220159301095,-27.27415524902069
mhat: -0.5023677498766144,-0.42346926015707337,-0.26538026320879937,-0.1532458904866584,-0.34835508303457446,-0.023359297417260498,-0.01876653732429691,-0.0012928522615665574,-0.023444069191283376,-0.002018718010288428,-22.92376018381594
mhat: -0.2873643779761574,-0.3224800462261313,-0.20683820403070943,-0.09861341142274273,-0.21212992069012251,-0.022257876040656113,-0.017547495967749932,-0.001527789351692093,-0.02195377482444099,-0.0018349073252261134,-18.32943408331581
mhat: -0.3299590815392569,-0.3489413116616339,-0.21052182382048656,-0.11758887583106256,-0.20080741624047682,0.061037935136001406,0.03637726038846078,0.006875741259382751,0.007170916257901949,0.016076100344170664,-22.586773068563488
mhat: -0.20474449371485803,-0.29449419684591766,-0.1936797640004977,-0.04541804192635537,-0.1442905576883862,0.05786079419029213,0.03385241250623912,0.0067448612484169584,0.007469632676979707,0.014809090692989689,-16.434966492503587
mhat: -0.012172874804373438,-0.1706143370008689,-0.1590210076217653,0.03691681843901654,-0.02798335953604438,0.05055943159412191,0.02856373831351229,0.005996682375599565,0.005426565830497164,0.012694173049701983,-5.786534634470999
mhat: 0.1243875847290517,-0.044474645532744723,-0.13182071452127672,0.10276162992994546,0.02864832554402474,0.09253524075117406,0.036300375408733876,0.010419060695819412,0.025540391748830587,0.011606172471125322,-8.871031836110262
mhat: 0.12310213254471031,-0.015288119319489313,-0.1052265359453987,0.08988667889780401,8.583285162575136E-4,0.07541663445660064,0.028627648483857557,0.009343213771997046,0.018094915387250384,0.009867236749741827,-10.512248809208138
mhat: -0.09571023818402172,-0.36203414997152655,-0.21846387665854133,0.0329072457006664,-0.16076527782259944,0.09062314422985143,0.031319951769422344,0.01053570014048464,0.022090785556220852,0.009115436980095893,-18.374421554934845
mhat: -0.004914873362653911,-0.31085313483929966,-0.18415663661867696,0.0471684086824747,-0.11512589186673,0.09059808342588681,0.036252169513897946,0.011114908709286381,0.027713416271637068,0.009041698249848126,-18.289833784728973
mhat: -0.14378435843322426,-0.3694921972730351,-0.18567404470562307,-0.008853771137727645,-0.09674014215589757,0.07573465683032855,0.028722776094869427,0.007570348863043612,0.024026444756270922,0.006792330725551733,-8.41406684140549
mhat: -0.5904035065935421,-0.4501430632849992,-0.23890290277286394,-0.1061663581609056,-0.22010773282225507,0.06769473836903826,0.02707383250267451,0.006518935980451145,0.022885993204871335,0.00570612057135799,-31.727326427741765
mhat: -0.48951307233589136,-0.38270371082462984,-0.19677459719735393,-0.08962102387706203,-0.21623901532906084,0.06016598259987422,0.024711005474797616,0.005446379635531518,0.021085170062301782,0.0051925673762046,-41.47722725976048
mhat: -0.4069480736140344,-0.1430745754325981,-0.13440675760641352,-0.1014334886130781,-0.18295691710047937,0.09744539030784002,0.029715018529866313,0.005548145888874083,0.050126032277189446,0.014762717941772351,-39.94284543235251
mhat: -0.3436709736332782,-0.12149002719733701,-0.12654119392038923,-0.09308973960536401,-0.16685955170415634,0.11290258935346978,0.04486818605823944,0.00492663194631131,0.06606817544286153,0.01846217742226872,-21.79102846974624
mhat: -0.5384770643336455,-0.329063648502172,-0.23421608048307074,-0.14196287385642614,-0.25625015603050166,0.13785941896682619,0.058535489792749064,0.00928397433953081,0.08036151371406322,0.020514047161378116,-7.67897826572502
mhat: -0.21883973770601733,-0.2020663410872893,-0.11511384095131195,-0.010184022790726227,-0.19897535483946277,0.11812114982651771,0.050614739873777244,0.006926613902751957,0.07026362505406082,0.018209550236769012,-5.7438614324419515
mhat: -0.24171277839636113,-0.23830588488096863,-0.1010077563300797,-0.03186047625661244,-0.2065867786939782,0.10789505547368239,0.04528800798482155,0.006420188338251867,0.06448505828452529,0.01685235255294245,-16.195639711119895
mhat: -0.070936425036132,-0.17363754528540098,-0.09915464970075732,0.022780267743272214,-0.16921938105212217,0.09656970320377281,0.04115256834296662,0.0057549538691434475,0.05825756475304294,0.015257161815709191,-4.936464689389444
mhat: 0.16881925411462995,0.014133286604741809,-0.043648636225385035,0.11686555172336488,-0.0700667456758942,0.0908301192436155,0.03881929483860255,0.005762604230358221,0.05401372053904122,0.015125187372347493,-22.45008632571277
mhat: 0.046292221613430065,-0.12931449373611906,-0.05267659403891495,0.009539394810007143,-0.0842880649220472,0.08297720942192893,0.03564199271853749,0.005184130594617917,0.049391494173049416,0.01379199488334524,-38.8961539921777
mhat: -0.07928811373160768,-0.1577448743002896,-0.04900113179246438,-0.034593993159320706,-0.1655903623268719,0.0761882553011177,0.032963543864796385,0.004583217222277149,0.04536138378848014,0.012693723050799922,-50.609410844200575
mhat: -0.31831525033220015,-0.273938825343803,-0.07582096231581283,-0.10293537267159986,-0.18715578230479643,0.07383224124936386,0.03544562817222702,0.005668671371261424,0.0459970041540845,0.011437083928273577,-60.29727604773259
mhat: -0.6374166079550442,-0.5070446162154625,-0.13099546679681304,-0.24262856481352296,-0.3189277536653875,0.06522071169509813,0.031442632491193306,0.004809662515354626,0.04087044422534885,0.010072472365791113,-53.28340639633832
mhat: -0.6725067604338625,-0.4949462434093904,-0.1069121812385987,-0.260253205969077,-0.42607886187197014,0.026303148172507996,0.007051175645344617,0.004423731508518121,0.020955831337768856,0.008800700753354446,-52.459878842657396
mhat: -0.791252882415115,-0.517422775371155,-0.14713922644482322,-0.2909724543686829,-0.388524936190536,0.022405553016724634,0.005581685169716767,0.004000278352506333,0.01824767051289924,0.007857136713690772,-48.052923860587065
mhat: -0.6778991076632607,-0.4554567112386747,-0.12947124519994685,-0.2692866433391458,-0.3521316043355481,0.016734696207714818,0.0027913576784564208,0.0028921483186773794,0.015266498555583227,0.007045371406329679,-16.62512815313825
mhat: -0.6504962435792563,-0.4819356349495837,-0.1449263010661322,-0.23035534824577966,-0.38813994020912207,0.010898598338813067,4.888015729805461E-4,0.0015189740367681083,0.011091522954620292,0.0057441163892069285,-4.02661822270247
mhat: -0.5526468197748876,-0.4748939493751552,-0.11297118171452941,-0.21739441966119322,-0.3414908920384027,-0.04422791037810746,-0.026082127480364294,5.699266650951244E-4,-4.826007086371232E-4,-0.0035949227081492935,0.20871795872135948
mhat: -0.28287666468440426,-0.2669493741818245,-0.11204401597373792,-0.17753819142213584,-0.2992690856084869,-0.039568652962190955,-0.02353350411115007,5.119565569798946E-4,-3.6384605055823574E-4,-0.0032185991916571324,1.7740587430120123
mhat: -0.25914790938906035,-0.2682910250689699,-0.08485463062865978,-0.1670001879139845,-0.359375522018842,-0.03367964868537066,-0.016081909956214696,0.0012587717844489076,0.0048801700063320005,-0.0010804060690743278,-1.1071928875826291
mhat: -0.31299571208155685,-0.2682988200154141,-0.0708682563146424,-0.18712720070504257,-0.4001907197303356,-0.029988415301724306,-0.014139499596105642,0.00141008687917249,0.005020375983381238,-7.890477880468891E-4,-33.973510264105684
mhat: -0.2908472621484551,-0.19327006997054405,-0.049976683784696385,-0.1858897508622444,-0.3050080025561236,-0.02689343479250386,-0.012187820582297771,0.0014706936951595965,0.005737243779603934,-2.523736424688415E-4,-46.99207206204375
mhat: -0.35414780054483125,-0.24080587526537736,-0.09655818579908304,-0.16442399829374618,-0.3475646389754498,-0.023357681211604395,-0.010730832891150654,0.001704779236861597,0.0045046836729958385,-4.253545595577191E-4,-51.930125731883464
mhat: -0.37179892357971317,-0.2665135137564502,-0.039398555942052944,-0.13396379777197495,-0.35192323136960946,-0.02114907374411315,-0.00957526091901556,0.0014725587975685395,0.0039074305991510655,-3.2673903694063365E-4,-50.0370434098879
mhat: -0.34535230866775507,-0.2651509814750255,-0.05487892784787598,-0.11722603230794937,-0.2912875889718295,-0.019760812273915965,-0.008881409991628942,0.0011701544338805975,0.003289653517307663,-4.3914055828911917E-4,-55.86497048252773
mhat: -0.34626113844366346,-0.3376188329917015,-0.06508463067847123,-0.15584434570311437,-0.32285487901287707,-0.02607559389097507,-0.012035325778024391,-5.779127280391608E-4,-0.0010659748305060664,-0.0018934096870045413,-58.3006053965694
mhat: -0.3347579154359257,-0.3330472169350296,-0.07544985063937543,-0.14646400851578353,-0.313690442712663,-0.017052437542299827,-0.004820273898573104,-3.900404888945622E-4,0.008928150493504072,-0.0016268943709016933,-55.09912340147267
mhat: -0.20429789606460097,-0.28249461977142243,-0.054244376723407574,-0.12527794845691628,-0.26677611620968206,-0.02069803583803712,-0.00772085153063243,-0.002066072641218758,0.00632926764882082,-0.0012080443692244545,-45.71320120040473
mhat: -0.2565314279857134,-0.2642892697644032,-0.07540611167845161,-0.09737429835591943,-0.26811685180350775,-1.1568006866462691E-4,0.01820875772430249,-0.002066792413150259,0.02432720786522312,0.004898584069401819,-21.838751579180204
mhat: -0.17311253034841784,-0.1919540017964158,-0.08471688346606034,-0.08549443565101972,-0.21309821361481257,-0.006723247091638519,0.012881100119454406,-0.0022236395238047556,0.019797056383533875,0.003084810100193852,-6.671510515542681
mhat: -0.1084102493326286,-0.21565511898617523,-0.06845855798999365,-0.09072557859562172,-0.17579124264066426,-0.007219222459272845,0.011930554754832632,-0.00207234100098724,0.01722824836473567,0.0027252106778070284,3.438738013374714
mhat: -0.24948547754067565,-0.3478366517244891,-0.14903201607830735,-0.14785626331610768,-0.29664313298539247,-0.006106593548279728,0.010389344910829155,-0.002017137204644136,0.014867844665296068,0.002233513837619301,9.372276440597508
mhat: -0.25196609823849436,-0.3643350272876998,-0.13940142853590662,-0.15968253182440797,-0.28994223850764006,-0.00494498373147165,0.009607509413279102,-0.0017314158925821233,0.013839052087939034,0.002254395614497885,-15.333902240589655
mhat: -0.39027897193139127,-0.38850814634638625,-0.13188793447087116,-0.21191531959765997,-0.3463032347598571,-0.005148995940577234,0.0059131433959347555,7.660578980598304E-4,0.005230485333027876,0.0028792308837151553,-32.90491600096909
mhat: -0.23910005446299473,-0.2638545184191388,-0.12188015025218497,-0.14099278987354433,-0.19343396254690992,-0.004751926332192374,0.004751536776305421,5.062425858316989E-4,0.00395060968795236,0.0023977015857548135,-40.91639001934663
mhat: -0.17759006135906727,-0.22874839517042253,-0.11001561413508042,-0.1375355172961346,-0.14669546549249157,-0.011911977278315528,8.298664387115964E-4,1.900746132783173E-4,-3.366169452231037E-5,0.0026686443267669667,-41.26364407325558
mhat: -0.23069203121977952,-0.3180009255415569,-0.1433277094035295,-0.150468241073986,-0.17108659111534494,-0.012167917520267425,-1.0442373479998956E-4,-2.878058423946272E-4,-4.19439332984585E-4,0.0028349956129251072,-46.24758442574499
mhat: -0.19195910759673793,-0.28679124790862504,-0.1068252155456034,-0.15197582950952956,-0.14304948293296713,-0.012529874663296171,-7.374176057463609E-4,-4.584604490150181E-4,-0.001078475699519527,0.0020609339585825064,-41.58351392360909
mhat: -0.16937005669066416,-0.31940045912770076,-0.07413458916419403,-0.08790151453773334,-0.19292537791691125,-0.01591795200116511,-0.00525606755960347,-5.57712013217105E-4,-0.003743992309486882,0.0019774090329085898,-55.12193477590386
mhat: -0.23041746922695425,-0.29701511353855725,-0.07382147216973932,-0.12789475601606384,-0.12199235045584327,0.008010478790802163,-1.2720600327655943E-4,-8.866988321605447E-4,0.0012435870371455056,0.0044693154222991745,-46.562005092605766
mhat: -0.1376068453938881,-0.27371452684500225,-0.07180668837077929,-0.12822886735222153,-0.12827794568496786,-0.03587966409714106,-0.028432440811192568,-0.0010772380987736463,-0.034569072497745316,0.0035431060259284494,-30.79558740079066
mhat: -0.1590852717285293,-0.2629317871251501,-0.07793597009548653,-0.1282652137738147,-0.15189886755336615,-0.03308982688820455,-0.025520967729127257,-9.45586893933137E-4,-0.031815811492657865,0.0027002089287279304,-17.845376337125956
mhat: -0.16092419991390958,-0.24091227523191794,-0.06990663223755057,-0.07301648296565953,-0.15772255169540053,-0.01869442308961936,-0.01820112609986264,0.0011160230395241507,-0.025754063488888916,0.0032056929209162573,-24.330305416379264
mhat: -0.07217840669221352,-0.27321348775826204,-0.06900950470343241,0.004149762427990241,-0.1485557651061103,-0.017960871835024088,-0.01805844900990972,6.355037205134292E-4,-0.02338291195744863,0.002488438616282632,-47.42236895680921
mhat: -0.008970837645706725,-0.17516298559552382,-0.06396305784642517,0.010344818267693573,-0.0834634357762205,-0.017653936051895764,-0.017103204030139794,2.2543390095366384E-4,-0.022501828764852686,0.0021874581106590355,-44.760507265991485
mhat: 0.0032775131091252185,-0.16866690250853889,-0.06225695678047971,0.008135924464988432,-0.08353950141765046,-0.02641515770573914,-0.0215390392089878,4.2488737322942283E-4,-0.0258065242588165,8.48779629461503E-4,-38.162946142190165
mhat: -0.15619009891955624,-0.28488066845933907,-0.06743652577103289,-0.036985581175060636,-0.15254907872322712,-0.02402861642024879,-0.019573740863196527,2.6639290382538086E-4,-0.023378511585732,7.301428389945622E-4,-50.8754308378129
mhat: -0.008524529824005813,-0.11842619789612582,0.01142979161598056,0.008157832448580463,-0.05183607640142126,-0.004172001176178912,-0.011399123880802334,0.0024452541804684935,-0.007169115920532899,0.005118608569527889,-48.9091913911535
mhat: 0.1476525388640682,0.0398852231968,0.023487621010959175,0.1207749637782849,-0.05327721760363995,-0.00429688552790746,-0.00957105460532434,0.0021200705506115533,-0.007280058225106906,0.004492813366587668,-40.00458363875532
mhat: 0.1451959200047039,0.06376176285188559,-0.01060223545852017,0.11284466513568256,-0.12745165572254902,-0.01060883481275925,-0.015373093018769593,0.0016325500658623808,-0.011076328417985646,0.003289843403627772,-32.82051563057629
mhat: 0.26560439975469863,0.015655345223061036,0.009237233853858232,0.1811731362683047,-0.10667333234886962,-0.010822603906133564,-0.014455826864855317,0.001332287610781196,-0.010241356914709811,0.0028586960737601603,-24.50310474693397
mhat: 0.0811934682787819,-0.05950629569492322,-0.020225126220848093,0.06358128913169747,-0.21306287926995443,-0.00912565526350864,-0.012525986290496723,0.0015169589458066276,-0.009147708508448382,0.002555843600348226,-16.856352578998727
mhat: 0.15576452527160908,0.00563271959406129,-0.035490179505827335,0.07337035511160912,-0.18037263220593538,-0.01340192901317523,-0.01205640993989527,7.854827490255229E-4,-0.010472186657858847,0.001339104848836876,-8.835430117787553
mhat: 0.33021464352928015,0.0476169171445513,-0.005924409332211559,0.10442367500151892,-0.16860995629885084,-0.01266388309181003,-0.012415843295099815,0.0014351208368181237,-0.007176507476308541,5.270568333396076E-4,-9.13840643840092
mhat: 0.3703180309488594,0.09754913687569042,0.029937840170440884,0.1429658561306992,-0.06772150697052344,-0.012820755005761885,-0.011391663399718775,0.0011227405518762536,-0.007593320748192215,2.5857885277742406E-4,-7.3494048501776055
mhat: 0.20720125576026344,0.03794124837727692,0.00360408941358257,0.07141958173721868,-0.13061017249429568,-0.013209402468626633,-0.010795764125042972,7.117448499139896E-4,-0.0072947168002289765,-1.0261297893965704E-4,-18.67985383464892
mhat: 0.2732846929474745,0.06691838883424582,0.010933814919989028,0.091488495368261,-0.10761967389202019,-0.026625763684537954,-0.013976250699305215,9.403725023557309E-4,-0.02024252954131835,-0.005790328269365209,-28.112720964448158
