vhat: 383.27219173252524,120.15821981993237,199.8460659930687,129.52436717085138,157.35976447950662,0.10749685299014984,0.004978325972305653,0.1516426084706701,0.01608055015019396,0.12730471777110786,0.038768098885879655
vhat: 759.9317637197142,253.29437008740916,366.0437672045058,264.47525416134636,286.73518610399213,0.15397140345632726,0.011438336790573092,0.16825881657447037,0.03048796335485963,0.23828654338995542,0.2878790258154839
vhat: 1193.193014882547,379.10206176323646,623.05103269052,444.38388262338617,468.8034190396719,0.2692691510117673,0.04936227783770615,0.31414704813217653,0.08752592119387037,0.3414290199653707,1.8344028992190682
vhat: 1433.1645068857058,504.34597678285695,744.3083097804139,579.1800038535895,592.7381539965443,0.515734781369716,0.13674942113783844,0.6109032622632407,0.17434342471533856,0.6328844247740216,3.1223273268854665
vhat: 1584.3062966122525,544.6643490220165,777.7077247363636,632.0357789166686,639.3189900683819,0.798923829687545,0.2279964427921733,0.8294268139517821,0.2682070846810078,0.9287573652776477,7.1548863488778505
vhat: 1773.8609259161026,622.660639205715,824.2357075929107,692.0510508143818,697.0590960254722,1.0665757000459752,0.27798242415221913,1.0160881395979198,0.34485081737902373,1.032626763276404,24.00158350053369
vhat: 1949.7677780358965,682.3282693694401,856.4315074257909,748.0907015751166,742.7119033387472,1.2356127445776655,0.33788815688116247,1.1107098439531082,0.3960763463984042,1.1467225132306065,52.90842498890432
vhat: 1970.0483765421081,698.4945288267569,858.6422108734889,759.2139110830918,751.8251424965538,1.237936397432095,0.338811631471503,1.1119914565186804,0.3967758584851427,1.1477311724754067,77.79056801328105
vhat: 1984.0973931952096,704.9521420545057,862.5482882413501,764.114386222462,759.6193606965262,1.5172751544135248,0.4000141381444867,1.1997344176967177,0.5186630926823907,1.3354897794664453,119.14168846980722
vhat: 1982.1729639630212,704.3440338923559,861.823534681921,763.6371502399929,758.9497722541778,2.1222830662219225,0.5389896102907814,1.3837373224007756,0.7500685093267926,1.483494317628258,144.19716856881405
vhat: 1990.0813205842237,708.4007133181425,861.8209159094376,765.7086503651442,760.2726147978708,2.6299276367148336,0.7132014561745461,1.6345355122212009,1.0140120802631312,1.6670861231587115,156.9827154179091
vhat: 1988.582718793726,708.6835250398924,861.0120918244618,765.157048906794,759.9955377516533,2.9936099017498075,0.7233161639884824,1.6546294888409836,1.2077294301881876,1.828004955743938,158.08722052400879
vhat: 1987.3624100448312,708.6188058738738,860.1512602256996,764.5467042782136,759.2903682914156,3.0283967662768254,0.8160890085577698,1.7940770941132038,1.207993492084879,1.826758874857147,157.96483099857133
vhat: 1985.7836394594406,708.2518303473798,859.2912573571505,763.9186858565355,758.5411035474424,3.258230724371494,0.8180013801479067,1.814902816349186,1.2636947312749702,1.834552027893792,161.87110813139748
vhat: 1988.5802153542156,709.6933393548818,858.9581226602993,764.0844346266158,757.9059573330219,3.7424855589387502,0.8516096942674942,1.8762672479285687,1.2983879404323495,1.8344239236292768,164.34879370163273
vhat: 1986.7019209068471,709.1990792760314,858.1941733034537,763.3217884609209,757.1662891476786,3.8100176448634016,0.8507795653943635,2.03938824341576,1.2993326566652077,1.8347055121409517,170.57410128933446
vhat: 1984.9110631252354,708.5731402701524,857.3386016390227,762.5607486769244,756.466284304186,4.21333986451553,0.9497893975336329,2.1300822592353876,1.3893784774743185,1.9213683834553092,171.1555652292647
vhat: 1982.9516328436223,707.8934739895843,856.4812638429257,761.8071593903977,755.7167288578698,5.2981006061595695,1.0008411161504487,2.1552977465160064,1.424068699399977,2.211239590675158,173.082333979887
vhat: 1981.388556132853,707.1926075285933,855.6276071831438,761.1297542473394,755.0493443112732,5.303360008957783,1.1782856165235664,3.115578480274182,1.7786163209477268,2.224462509269105,176.80503157479788
vhat: 1980.2199533810415,706.6873752493792,854.8209837619236,760.6112836202271,754.5277665813886,5.319202332710831,1.1965650120719513,3.1654318529048884,1.880613941327501,2.4321863086849027,177.29257404388133
vhat: 1978.287385513609,705.9840849585559,854.0179938658674,759.8640107007581,753.7747585339926,5.871758832035783,2.8997100738672326,5.941374893629439,2.91351042183338,3.268612325962551,180.33089256782637
vhat: 1976.3156056994665,705.2968075474879,853.1645178924631,759.1113107586078,753.0270025859774,5.87506916779234,3.198199886199068,6.14285261598028,2.9406965835256194,3.297553233317422,181.5939165950705
vhat: 1975.595299465875,704.6875934134508,852.3213069152171,758.3692774990137,752.3109752558549,7.930849261015201,3.4033440336246596,7.113149352743349,3.399642362833103,3.779580183237833,183.23301423481084
vhat: 1973.6476905305349,703.9867809745275,851.4745641951744,757.6117626246416,751.5667831868761,7.940646387463149,3.492366306041701,7.106732408705763,3.5699006385240146,3.796874325006018,185.55585515944705
vhat: 1971.7344760971725,703.3344425115695,850.6340674058241,756.8555246546348,750.8321350828182,8.645464019511138,3.8368566621157973,7.466367255498154,4.7511100513077,4.556721887005247,186.7477771277646
vhat: 1969.7628712614767,702.6589325530271,849.7891935517594,756.1018550046493,750.0901357378607,8.640684028430108,3.9022316863346087,7.613415756948811,5.207647131219774,4.75897770823561,186.74756053721393
vhat: 1967.8170561934214,701.95990316814,848.9402957047541,755.3623604645824,749.34004589119,9.04916985543737,5.569969188581743,8.691942153552487,5.652442533856561,6.022229830174938,187.8073387717131
vhat: 1965.9926579258017,701.3001708243928,848.0971496695877,754.6589990777445,748.6026866279067,10.00942309305139,6.020632207388571,9.312513876264859,5.859124858085594,6.352932378488676,189.1877591094257
vhat: 1964.0668766341798,700.6010283036285,847.2524193343663,753.9056383618903,747.8541283939744,10.74733751868975,6.3310601166063245,9.563101956948927,6.237945127837258,6.377573932100511,189.5518952130911
vhat: 1962.162331621638,699.9004592845404,846.4131945398974,753.1531019075092,747.2111053087814,10.96666078569406,6.5517502524528926,9.569986748936916,6.366402017817274,6.372689945159406,189.52023250203445
vhat: 1960.4373301453543,699.2535525788023,845.6136572955534,752.4002148293997,746.4801997403908,11.446925685895701,6.572011295701411,9.920262638550515,6.768817565255113,6.4608395749507315,190.07453910898315
vhat: 1958.4817259630852,698.55794880116,844.7692429627205,751.648092854473,745.7429290890855,14.575417116386959,8.199599960107692,10.2572523718234,8.387762130412215,7.537924997899521,190.65744429774523
vhat: 1956.600303672943,697.8593948679428,843.9258264384329,750.905385049334,745.0132966473101,16.646395332956825,8.66949866886483,10.60287521132561,8.67552597079168,7.772512512024067,190.47065828090797
vhat: 1954.9926200361476,697.1802133624507,843.1291967291186,750.1760215538325,744.2907772702397,18.27252038537253,9.241676700701444,10.823129886737409,9.301881016666458,8.133046089701772,190.6353717506746
vhat: 1953.0378479891044,696.4845187235912,842.2862203641745,749.426269675303,743.5564747754983,18.400803709177257,9.289289072801798,11.004268688244805,9.292625008129487,8.126975198018895,190.6459173494285
vhat: 1951.1035512996962,695.7905883471045,841.4467554484586,748.677076716927,742.8129225917698,19.279476183068365,9.357495966128372,11.03245933148974,9.316355668680272,8.261352194241354,190.4662078177437
vhat: 1949.1869627663673,695.0999384879333,840.6055819447123,747.9302172095606,742.0702776010207,19.396763075841953,9.398780608134858,11.052130002544711,9.317815483996636,8.253931935328842,190.3181235694422
vhat: 1947.5198087917654,694.5257386095205,839.8016384747189,747.2082623981602,741.3837132930458,19.78903474641103,9.623102159047221,11.091185790014553,9.368692816641275,8.25256301352115,191.1114586980371
vhat: 1945.5727575256715,693.8435653343073,838.9620337447783,746.4612757700994,740.6424542127268,20.419603179081157,9.717994031599988,11.13814674044101,9.572971252407502,8.264743540349908,190.92553333765508
vhat: 1943.7398634338117,693.1809337231659,838.1259856953254,745.7262732602621,739.9535876128839,20.426357852865358,9.708329922736631,11.137994402353572,9.60368513575694,8.25713728627504,191.80280372115914
vhat: 1941.8017100399854,692.49013970204,837.2879733236794,744.9819058664275,739.2199674458074,20.5551689926511,9.745356969823781,11.1338765408349,9.632317509090607,8.25937888067886,191.95267000536194
vhat: 1939.8964280335358,691.7979099094965,836.4508659112698,744.2400544969862,738.4831438953657,20.961533427135116,9.86841709396874,11.149770264620821,9.733341519394767,8.270051881123214,191.94524331749227
vhat: 1937.9565927399872,691.1087450985241,835.614420530265,743.4985211958973,737.7449205154171,20.95628158158074,9.86872922713365,11.138669494387715,9.741676755330042,8.263606729260733,192.77617145351678
vhat: 1936.2183266791164,690.5797348259246,834.8009313477137,742.7652304912657,737.054535620858,20.979205058527565,9.89382339961135,11.127675494025306,9.736099521479971,8.25563906191924,195.2278381960249
vhat: 1934.292937371498,689.890180798562,833.9661414671606,742.0234244226237,736.322798537612,20.97612038075042,9.889299050182984,11.124329037743026,9.726377532463982,8.24749603240171,197.26343639136877
vhat: 1932.3860774699344,689.2226444237607,833.133995597375,741.293657668234,735.6022648201713,21.02578926091301,9.890421587938077,11.120777813490689,9.724447452635163,8.239783330207576,199.18184666917128
vhat: 1930.588786492366,688.5572931100958,832.305514764779,740.5573782053303,734.8694826643583,21.005170057780955,9.88058406560219,11.109856432384765,9.714750665379793,8.231556313402633,199.97236557428687
vhat: 1928.658305862657,687.8687498294989,831.4733607725213,739.8224741788875,734.1346209879091,20.989464549361408,9.875330509645249,11.099132628595768,9.717697451553141,8.223636209486306,208.58556195836192
vhat: 1926.739561483458,687.1813104578155,830.641891833686,739.0840606878802,733.4030647406983,20.968975105175325,9.865571264738994,11.08803396288478,9.70806213248364,8.215480390818794,210.0801405662531
vhat: 1924.8156716295327,686.4965211221172,829.811755387491,738.3473159142331,732.6699050263668,20.948027651023192,9.856137879498664,11.076946140847063,9.698359364122402,8.20726491185927,211.74826964940567
vhat: 1922.8910759011128,685.8124573414404,828.9844291631345,737.6091511930218,731.9393867649276,20.92759008579398,9.846282408173304,11.065871872745062,9.6889704159498,8.199070206671655,216.6793581230838
vhat: 1920.969287168895,685.1269194427148,828.1554808057111,736.8726843637621,731.213281509367,20.906756921062044,9.836521613184562,11.054812840351754,9.679283898465874,8.19087705065444,218.97948086800943
vhat: 1919.0543247638575,684.4466690814668,827.327804041862,736.1378849692077,730.4892128336265,20.88714787323999,9.827285726127787,11.04375951964219,9.669897768706575,8.182709939679247,223.6965877763406
vhat: 1917.1503880859527,683.7655459025915,826.5014263395002,735.402380417805,729.7634411023085,20.866263156397796,9.81746423078195,11.032715939872729,9.660233969581594,8.174533829839135,226.06071238674906
vhat: 1915.2677698790956,683.0899752264412,825.6771246859723,734.6711901352264,729.0580853178595,20.85098113806627,9.808692155797772,11.021696412509685,9.650748391134476,8.166512818665446,227.2279035044403
vhat: 1913.489763937342,682.4547987100995,824.8669584227692,733.9493024162994,728.3508090235939,20.83107384262867,9.801531427961981,11.010765208545957,9.64135962224672,8.158772976878627,227.27783905311023
vhat: 1911.5967847493912,681.7769481423821,824.0428394603832,733.2295886966201,727.6405139358882,20.814168708287028,9.796620456089574,10.999755062423217,9.63184709005285,8.151156305168225,232.30437056516564
vhat: 1909.685419241594,681.0989959695297,823.2230882038037,732.497154962526,726.9133830805833,20.7937546242233,9.78772807736774,10.98876770736806,9.622405404368484,8.143009921811178,234.63804543468612
vhat: 1907.83695033289,680.4322772177865,822.400159442905,731.7822025405076,726.2164516434534,20.772995055381386,9.777956180308198,10.977779314041614,9.612783014098515,8.134872759942215,236.2135789476509
vhat: 1905.9295942238389,679.7536979031775,821.5785918554758,731.0570200124171,725.4949558200474,20.75269761960363,9.768255100630608,10.966801555988573,9.603206144363783,8.126818888338713,238.88319040963233
vhat: 1904.0574989932209,679.0792356169569,820.7570936910583,730.3264670201006,724.7762732321592,20.732606182828924,9.758615629165154,10.955842591028889,9.59365033848935,8.118694192150048,241.67395369311274
vhat: 1902.1634238186107,678.4120139085809,819.9366904680377,729.6029934010395,724.0545306542101,20.715167355054042,9.749518712065473,10.945044883379044,9.584331816990826,8.110576840651666,241.44220133394467
vhat: 1900.2666929397672,677.7337769878236,819.1169586287148,728.8733997686721,723.3422227155515,20.694975523973717,9.739912178892025,10.934111406887402,9.574874757548693,8.102475208598939,242.06918952583553
vhat: 1898.3812700510923,677.0562408615307,818.2980913253842,728.1447240215582,722.6356373267937,20.680431508207445,9.73327650742753,10.923181326970154,9.566443703529025,8.094373312735106,247.4494895232782
vhat: 1896.5057845151266,676.3937168356549,817.4886284767312,727.4172283401033,721.9628388807282,20.659886646107342,9.723543299647213,10.91225882652376,9.556933836230543,8.086278945994284,247.20375447940685
vhat: 1894.6140491670885,675.7373768846801,816.6738601341402,726.6916175833543,721.2525742011912,20.639233809273616,9.713906764316748,10.9013505044959,9.547510909234855,8.078194884269811,246.95666352145327
vhat: 1892.7339512629055,675.0633181695638,815.8616693767535,725.9650196033479,720.5354311434512,20.619019348905148,9.704920134109015,10.890449412085117,9.538023598326525,8.070179023564817,247.79874224256503
vhat: 1890.951747556122,674.3897500838535,815.0546765522962,725.2391347623488,719.8151921868624,20.598769182527235,9.695306173635094,10.87955961232498,9.528860976726264,8.062120381914522,247.86298994417967
vhat: 1889.0731516839182,673.7157978693103,814.2399150578332,724.51407472775,719.0962856689522,20.578170537894003,9.685610993698225,10.868680074135122,9.519332428830463,8.054058277048588,247.75422937790026
vhat: 1887.2705268677526,673.0527225926367,813.4265679195266,723.7965703739474,718.3909765378834,20.557985978231066,9.676243662694986,10.857812177242717,9.509913016062841,8.046015774296402,248.0209004427894
vhat: 1885.4181837349063,672.4027735375178,812.6183375673932,723.0737892238162,717.6747008254489,20.537433804346037,9.666568104890834,10.846954853810978,9.50040972965353,8.037970610930934,255.2843666801058
vhat: 1883.5329988879625,671.7322930198001,811.8062956930381,722.3507172689027,716.9575827557774,20.51690050122105,9.656909461182833,10.836108039495997,9.490922773290906,8.02993292171973,269.7351902949497
vhat: 1881.6506811843055,671.0687976640402,810.9945038044377,721.630662889716,716.2530878379473,20.4964261719317,9.647263115429686,10.825272032096036,9.481466320731261,8.02190503277694,279.11868767896976
vhat: 1879.7779575058655,670.4030690748227,810.1838764715733,720.9169791705767,715.5583800883729,20.476284445182387,9.637640875680045,10.814452463971193,9.472052533625693,8.013897048306756,286.33386477368265
vhat: 1877.9123859811043,669.7372694176581,809.3758162212907,720.1971293255476,714.8463357250995,20.45581768091141,9.628005817395671,10.80363801351484,9.46258790260058,8.005883458910887,294.721160183505
vhat: 1876.0344745594366,669.0747629323389,808.5686643122564,719.4775327307835,714.1316157371222,20.436159227243387,9.618597094438783,10.79285995482007,9.453326927043838,7.997887427951971,296.97769350585287
vhat: 1874.2297066331096,668.4179378248266,807.7673930845369,718.7765055980146,713.4177098927373,20.41586204092433,9.608996688193724,10.78207155061791,9.443910600302441,7.989893085112245,304.0108868759965
vhat: 1872.3581137111066,667.7535915523445,806.9599522755072,718.0611752427184,712.7067718771843,20.395446181787253,9.59938769153779,10.7712895678765,9.434466923530234,7.981903238862007,310.9296065041869
vhat: 1870.660215644993,667.1025377901342,806.15585478321,717.3589309343154,712.0181885116864,20.375050739000113,9.58978830687797,10.760518346063645,9.425032484122418,7.973921337166109,318.4340056528126
vhat: 1868.797894653092,666.4416603263628,805.3503334847766,716.6446489105285,711.3068262661001,20.35471956355802,9.580293366544064,10.749759997243956,9.415656139556912,7.965947730651984,326.3615325331115
vhat: 1866.966251075436,665.7758708904724,804.5454482528949,715.9289637662752,710.5955359428501,20.33438989889894,9.570717487992427,10.739011032767284,9.406241662340085,7.95798790253051,327.06570295368425
vhat: 1865.1609000705669,665.1669932112405,803.7861629197027,715.220177038155,709.8850296751317,20.314579354092544,9.561660626839036,10.728336775143234,9.397062856294156,7.950038898687495,339.6245895044244
vhat: 1863.2989103740708,664.5101701114775,802.9835047161916,714.5057893778304,709.175398438063,20.29426593870914,9.552100058929163,10.71760848243785,9.38767022552676,7.942088865871366,360.336225647301
vhat: 1861.5710541868173,663.8874457225467,802.1961034299925,713.79199262933,708.4680338610012,20.274152205502872,9.542607083744056,10.70689087471136,9.378282780277603,7.934150469327744,374.4558068579121
vhat: 1859.7725509922798,663.2236128790078,801.3941557909691,713.079138913125,707.7707141904182,20.25387835009528,9.533064508342601,10.696184020882402,9.368904560548906,7.926216377521559,375.93036542508776
vhat: 1857.9571894524806,662.6213073154125,800.592852111885,712.368174340858,707.1077213342708,20.233669417632804,9.523553018390137,10.685488565018554,9.359557405710143,7.918290165666626,376.41620151757604
vhat: 1856.1964868143448,661.9877260696165,799.7950598418814,711.6766017139523,706.4454745352754,20.21357839056115,9.514493882227569,10.674803206552257,9.350861639920527,7.910405835026675,376.5912274595721
vhat: 1854.3934136124901,661.3360007178904,799.003411348011,710.9733098160513,705.7586099331155,20.193410176818173,9.505004802807324,10.664129791557686,9.34152936427752,7.902496115631028,376.34468032056446
vhat: 1852.6236174191802,660.6869582737855,798.2053697175041,710.2893007340592,705.0567122424878,20.173238748601737,9.495499800621417,10.653466032726056,9.332190626282621,7.894593677561274,379.84333375337445
vhat: 1850.771476024507,660.0406370270892,797.4122209572628,709.5808750244763,704.3520843874835,20.15327084246295,9.486105066233991,10.642812577135224,9.323116043915787,7.886717314467219,396.09679526471217
vhat: 1849.026290204584,659.4263643410674,796.6328239043661,708.8769252828539,703.6586174797028,20.13342544439253,9.476798665912138,10.632169904908997,9.313814303183946,7.878842099174435,425.15520558507615
vhat: 1847.1840100901193,658.767485528357,795.8361959493648,708.1737076635036,702.9577265721791,20.11330750073644,9.467327239783717,10.621538121686102,9.304504330292803,7.870963862148105,440.4860195816923
vhat: 1845.3417019624603,658.1220811016099,795.0408611981968,707.4656400094643,702.2821117170922,20.093198888266816,9.45786195290828,10.610916800984402,9.295199874661872,7.863093134838121,444.45765126470627
vhat: 1843.4967785846648,657.4665378611556,794.2459010445742,706.7589721856965,701.5801275980036,20.073111794103674,9.448414385823893,10.600305903287456,9.285925664131371,7.855230959460257,467.1057080372744
vhat: 1841.686789224961,656.830114628292,793.455617574603,706.0529976895056,700.8955457714127,20.05325603011525,9.439068479349668,10.589705597535815,9.277044576832592,7.8474003814750315,486.7965357753114
vhat: 1839.8607227602554,656.1735597373915,792.6659350622817,705.347183406697,700.1959885218616,20.033226636235657,9.429635041762834,10.579116039927348,9.267770177725883,7.839553448449649,495.90130424526706
vhat: 1838.0230487729023,655.518266561463,791.8738008534048,704.642029200733,699.5014054918369,20.013205787288147,9.420206035279481,10.56853780859447,9.258502417017667,7.831713930966516,507.1773233574868
vhat: 1836.2296397550558,654.8877056430917,791.086163796168,703.9453447638965,698.8105462854221,19.993199155740935,9.410788526782458,10.55796934349755,9.249244880217695,7.823882704660719,506.8886774712664
vhat: 1834.5435123808636,654.2433021689499,790.2958349490706,703.2485616827279,698.1223596760148,19.9732093057336,9.401379821540676,10.547412156615005,9.239995819992082,7.816058885938769,508.2263263774671
vhat: 1832.7112147941698,653.5944431965286,789.5064824509274,702.5453131212283,697.424838586639,19.953238302570735,9.391981784875705,10.536864997731936,9.230758332829827,7.808242844193502,520.4920037155313
vhat: 1830.898801477823,652.9872508426453,788.7175919556884,701.8472335165017,696.7700240282353,19.933285278338793,9.38259106425179,10.52632815996428,9.221528987691654,7.8004346069683965,550.6932800833425
vhat: 1829.1485760710414,652.3887822197241,787.9363083964026,701.1481361384089,696.0923966205628,19.914698444820722,9.373318826080297,10.515802574211957,9.21245039049028,7.79274521925748,593.5729946563074
vhat: 1827.4513553999468,651.7681120011515,787.15712164185,700.4516499649999,695.3999898679409,19.894804739088446,9.363972215852138,10.505286816937804,9.20324395477359,7.784952886324191,631.7020260371434
vhat: 1825.627433742657,651.1241346874876,786.3707588480762,699.7512014487614,694.7045945395847,19.87497494630434,9.354741861031949,10.494781537099787,9.194467506647463,7.777167933703733,633.2236340785009
vhat: 1823.912577877741,650.4741991692953,785.584986033248,699.0563793767473,694.014178733816,19.85510292190138,9.345387166582963,10.484286758446235,9.185273121880885,7.769391500229961,638.229436799473
vhat: 1822.0886690554723,649.8250543024059,784.799647535583,698.3591762830887,693.3202850885498,19.835257775459276,9.33606000847702,10.473802732533683,9.176094549767571,7.761623271269379,637.6114748332847
vhat: 1820.2677402510508,649.1770773125116,784.0189575348058,697.6608585035848,692.6400464160915,19.8154250689651,9.326728395848058,10.463328940851314,9.166919571274777,7.753861662568239,653.18534550259
vhat: 1818.4479297501687,648.5325521463218,783.2351081094395,696.9632077387538,691.9482393048457,19.795609888034253,9.317418139373078,10.452865617364203,9.157752654006188,7.746107884579896,654.1043326882368
vhat: 1816.6294818364165,647.889107704321,782.4526272482778,696.2899121246954,691.2704511105062,19.775858572830977,9.308111187732388,10.442414430775555,9.148604430504571,7.738362353122385,692.4026211963944
vhat: 1814.8144787588035,647.2412496833534,781.6705870858465,695.5947423692586,690.579863567248,19.756087679105285,9.29880867391248,10.43197272748541,9.13945677242396,7.730623993088145,712.3995109311462
vhat: 1813.0189948820303,646.5967760694593,780.8895633610946,694.9007501864997,689.8903804513628,19.73633228296629,9.289511707559148,10.42154075766064,9.130317438590804,7.722893401909314,729.5935336973251
vhat: 1811.4321919732076,645.9766349473196,780.1115817411444,694.2597343815878,689.2686978737481,19.71668470340773,9.280222482096324,10.411119275027142,9.121229603361106,7.715170854471528,766.7486507317434
vhat: 1809.6233272762258,645.3432161112311,779.3328026699637,693.5718490762112,688.5794392257218,19.696973644710837,9.270943445560144,10.400708246479534,9.112110807814052,7.707455769824507,817.7249702147584
vhat: 1807.814073188185,644.698150423471,778.555642388547,692.8808107111528,687.8952685923239,19.677855517417033,9.261886793594742,10.39030851303592,9.103018910317056,7.699788109168937,895.8348382306497
vhat: 1806.0204098368795,644.0546342528768,777.7810389072029,692.1912995398359,687.209210096403,19.658177792279183,9.252626532751398,10.379918838428889,9.093918497684545,7.692101359217573,921.7692544191635
vhat: 1804.2547517738733,643.4114161667808,777.0042716028092,691.5033542685056,686.5541573447457,19.638519943552577,9.243374848084057,10.369539267385225,9.084825153385717,7.684409277284749,921.7463810455567
vhat: 1802.5574052904592,642.8305057253897,776.228142003841,690.8212128146048,685.8862759124453,19.61888323649432,9.234131478276874,10.359169740353742,9.075740837684629,7.676724938200928,930.5723056106247
vhat: 1800.982139674978,642.2457356288329,775.4550868364281,690.1605184979884,685.252284175815,19.600352548093127,9.225171813346764,10.34882460137721,9.066730716211662,7.669048429521512,944.5656327720221
vhat: 1799.2341511312354,641.604655804852,774.6844822997566,689.4772025064492,684.5858172334534,19.582186753742214,9.216830864970838,10.338699320939138,9.058110053861347,7.661379383299889,950.7207657149908
vhat: 1797.4520776288427,640.9721587868576,773.9108066248494,688.7936469062851,683.9090536950483,19.562850097133026,9.207809525625086,10.32836062248865,9.049100062851227,7.653718004966353,963.6315143289926
vhat: 1795.654642308297,640.337362482869,773.1369064171249,688.1056471401587,683.2633010341586,19.54410157476641,9.199273946387423,10.318079800026949,9.04018967198592,7.646099059020359,989.7443162136682
vhat: 1793.8858791067903,639.6985066564235,772.3718978952262,687.4334761460708,682.5991285441337,19.524557480908427,9.190115690721257,10.307780618605266,9.031155832436882,7.638455459445308,989.9608270748954
vhat: 1792.0928617246989,639.0660376733427,771.5997316580557,686.7461644007624,681.9271424467853,19.506780204199305,9.18179665117644,10.29747299541777,9.022685556196265,7.630953648881771,1011.5843719501128
vhat: 1790.318842332927,638.443536358531,770.8317916574707,686.0656831486417,681.2460785429207,19.488123678700493,9.173994609252608,10.287179837471928,9.013985496474751,7.623339749297556,1024.7433273140423
vhat: 1788.5444297679528,637.8050936950651,770.0649070178384,685.3821968154726,680.6047950814443,19.469309594083033,9.164822394314312,10.276910316263244,9.005253288888511,7.615737247260551,1060.1606252459562
vhat: 1786.9048583371716,637.1766384659107,769.2980838329333,684.7255536630211,679.9669157853318,19.451818024935726,9.156344416962238,10.266641798926969,8.996647825571934,7.608135586142279,1106.2772131990002
vhat: 1785.3145812323426,636.5529984448674,768.5336573170675,684.0408281112758,679.2886693843167,19.432481177240902,9.147496993971687,10.256376086042026,8.987690830715618,7.600527805444535,1168.8636190667735
vhat: 1783.806489998598,635.936474291408,767.773333002453,683.3663827897175,678.6221912927508,19.41606467711097,9.13840958697919,10.246124668792671,8.979860422361309,7.592985621231806,1200.1997938354693
vhat: 1782.0295453327988,635.3161133823718,767.0059893773915,682.6831478120945,677.9556959977133,19.406037682704117,9.130325529467077,10.2358787364057,8.973820316119902,7.5854992250131685,1230.9365532676663
vhat: 1780.2851983600392,634.6829053571313,766.2393495268066,682.0012601898368,677.2903925493289,19.386714555044396,9.121212933412167,10.225657414925253,8.964856445592499,7.5779157792767995,1241.1654664578336
vhat: 1778.5409407403818,634.0485761593461,765.4742729298491,681.3192711297814,676.6211367488421,19.3673540565756,9.112098941764,10.215432255420168,8.955896285052322,7.570341017244784,1241.3551479822283
vhat: 1776.7968772210472,633.4304889560804,764.7102121953051,680.6417074297584,675.9586442985453,19.34823589066564,9.103088862106818,10.205217294999683,8.946948266200087,7.562783870416501,1240.1965945345382
vhat: 1775.0606097139555,632.8559299575528,763.9467162799356,679.9914989837832,675.2949111094227,19.328890063933983,9.093986276974437,10.195012208303869,8.93800210978852,7.555221095501246,1240.4825681106067
vhat: 1773.2939654471684,632.2233000387855,763.183118427205,679.3116831665043,674.6201428633253,19.30995134917693,9.084948675078387,10.18482172053071,8.929078320184995,7.547666406529608,1246.6101022542837
vhat: 1771.6423964221678,631.6019054672964,762.4390977743909,678.6325722000197,673.9780050491901,19.290643697192834,9.075864338569811,10.174637034584912,8.920149493799293,7.540118879484351,1258.6442629692629
vhat: 1769.908105602372,630.9704251015335,761.6770717046576,677.9539476415988,673.3274903660462,19.271440681858493,9.066839956471904,10.164466197663549,8.911244658329746,7.532583066897644,1265.849360287287
vhat: 1768.150356313778,630.3667284013366,760.9161802772489,677.2760421465874,672.654570215194,19.25217819933512,9.057776073069187,10.15430181558879,8.902351300246352,7.5250505919788315,1516.3432348711249
vhat: 1766.404018075966,629.7373394288587,760.1561371345364,676.5994861548189,671.9847767486594,19.232926249418703,9.048718298182624,10.144147531925778,8.893448961057375,7.517525558892222,1616.5616023706039
vhat: 1764.6376825947812,629.107877159527,759.396008353456,675.9255254257574,671.3359322647864,19.217289563487892,9.043022352101087,10.134003401794766,8.88686808212876,7.510153384816778,1620.2489723386634
vhat: 1762.8854641235916,628.5107180596984,758.6380600998691,675.2538516037906,670.67389484562,19.198348652367738,9.034018683796438,10.123869427932847,8.878005783383697,7.502645793023595,1634.0366197290066
vhat: 1761.194756231903,627.9065542404828,757.8808318906061,674.5803252892129,670.0437968015608,19.1791509971844,9.024984670486937,10.113747334415624,8.869136039927593,7.495143396575488,1658.3920339032352
vhat: 1759.4828915527485,627.279627525856,757.1233668768584,673.9095452323953,669.3817531636153,19.159973144633742,9.015965433509466,10.103633822476324,8.860267363672614,7.487648429762295,1664.2036428523948
vhat: 1757.7268722403412,626.6537189479661,756.3663309516719,673.2356377415615,668.7124073705049,19.140840315097762,9.006953295621127,10.093530731059136,8.85140818532366,7.480160992644193,1699.2610225565636
vhat: 1756.053283255652,626.02742556095,755.6144149621197,672.567372552429,668.0523052731365,19.12231728390541,8.998156426383192,10.083437269191363,8.842761456771175,7.4726838871709464,1702.5990610575852
vhat: 1754.3074755055816,625.4373865173501,754.8597221916951,671.8999847007864,667.3845170248437,19.103214476491463,8.989166651220208,10.073354091202484,8.833923436338985,7.465212424844915,1710.780039392504
vhat: 1752.5551571204865,624.8173861479415,754.1050100917639,671.2287931219895,666.7172651722454,19.08411158044798,8.980177489020175,10.063280737127172,8.825089718258038,7.457747213235582,1813.787171998106
vhat: 1750.8168255695089,624.1961096413153,753.3552536638026,670.580683038933,666.0505550586471,19.06503412298543,8.971197841146253,10.053217864631865,8.816265743286188,7.450289653992844,1994.6227787255934
vhat: 1749.1004703861497,623.6031534743255,752.6036968732495,669.9103005006324,665.3853138141926,19.04597166079154,8.962226950308597,10.043164646774827,8.807449543872652,7.442839440007394,2058.6334606043747
vhat: 1747.3531811895361,623.0043427766751,751.8510938481792,669.2433473367364,664.7205887553807,19.02714784439599,8.953522262721568,10.0331214836863,8.798728624833828,7.435402045221553,2162.3403365848258
vhat: 1745.606650530327,622.3814205507518,751.0994642410199,668.5746705879305,664.0561893904664,19.008188408088632,8.944568741596989,10.02308865293922,8.7900334832485,7.427967566678169,2279.2154500990796
vhat: 1743.8756237798286,621.7953379142642,750.3508529964981,667.9309043804077,663.3929255522249,18.989194400096057,8.9356277860942,10.01306557289648,8.78125665092112,7.420540296284247,2304.6050466058005
vhat: 1742.1383813389139,621.1779213521336,749.6023422998062,667.2630966901937,662.7316339190546,18.970245116123568,8.926736179487383,10.003052895828754,8.772541008507524,7.413119853506035,2302.7326541097186
vhat: 1740.400725894737,620.5573148393096,748.8531319314191,666.5970533288868,662.0689173927545,18.95896197552531,8.91926081057184,9.993049987123927,8.766235358007497,7.40586280304746,2300.9455481672658
vhat: 1738.6740136252872,619.9371212285971,748.1137925610306,665.9325380521234,661.4126272807373,18.94024679038983,8.910341552711447,9.983057682782121,8.757792468112287,7.3984571573582825,2368.082279867342
vhat: 1736.9355365886677,619.3176337054099,747.3656860609904,665.2671046975753,660.7535102501564,18.92130869131266,8.901432240380108,9.973074625674514,8.749036292746567,7.391058823249911,2366.278702508514
vhat: 1735.223381828138,618.7109865638922,746.6276169450592,664.6297396379339,660.0962602706539,18.90238996141219,8.89253164875087,9.963101794893724,8.740288463107905,7.383667872388728,2380.5528885905665
vhat: 1733.52963306875,618.0955068314454,745.8836325352819,663.9661739050512,659.4371076922342,18.88349100087062,8.883639140062908,9.953138699049866,8.731548213397879,7.37628431483896,2396.3991412547125
vhat: 1731.919563939991,617.5521207343489,745.1462541389757,663.3108573020672,658.7981866882211,18.864610210318105,8.87475607800098,9.943185569121551,8.722817206602022,7.368908190057319,2465.4063348341456
vhat: 1730.4322962025997,616.9762848291213,744.4033865990236,662.6510625252048,658.1426435224988,18.845780632019313,8.865897418219568,9.933242680952372,8.714095406405018,7.3615463226292635,2650.042711274079
vhat: 1728.7771571523685,616.3810902999551,743.6641170912498,661.9976434742516,657.5134640623855,18.827173430950044,8.857095863245034,9.923310108626174,8.705394067159089,7.354192492068533,2795.6547233246893
vhat: 1727.0677652563024,615.765256641121,742.9304059644109,661.335882195802,656.861002991211,18.808346797587966,8.84823928257608,9.913386804057433,8.696689228123217,7.346838375013186,2863.9076371115802
vhat: 1725.3573348406442,615.1701178978277,742.1911048250638,660.6934165411333,656.2265170384374,18.789559864367213,8.83940217413966,9.903482524735656,8.687994970659336,7.339493433280872,2869.751961477952
vhat: 1723.6326287732143,614.5630390121631,741.4509343991888,660.0343317088086,655.5731007509045,18.77079723689027,8.830605320942821,9.893579050847983,8.679345568206278,7.332155296792115,2903.623087151903
vhat: 1721.9835554118022,613.9589661465459,740.7146399113637,659.3756976350095,654.9435171278068,18.75223105179791,8.821921885029065,9.883692655397693,8.670716628289753,7.3248510294578235,2904.1182667581843
vhat: 1720.2617374679985,613.3475181947224,739.9756564084456,658.7182780488489,654.2887747463334,18.739487857532403,8.817557610890178,9.873900532571142,8.665299925214045,7.317538232778749,2913.650506229146
vhat: 1718.5576770787668,612.7663145419732,739.2364673137055,658.0595617455014,653.6554605637043,18.720786896704094,8.808749215638223,9.864026841530976,8.656671853568072,7.31022069716322,2941.664569658466
vhat: 1716.8391380569115,612.1539897622612,738.4989226849231,657.4018829053163,653.0038483269605,18.70212626306697,8.800006163897736,9.8541644198733,8.648042517545823,7.30292292245761,2970.4915816709554
vhat: 1715.1256070411596,611.543465151538,737.7695903703749,656.7444819459608,652.3596779632791,18.683424174902783,8.791206157872189,9.844310256779389,8.639394483601858,7.295620022350235,3117.720805560255
vhat: 1713.4448846722757,610.9707864114115,737.0324762031496,656.100830022823,651.7527656487398,18.66474571732913,8.78241523974228,9.83446636812999,8.630755325317283,7.288324419216478,3253.0453882358006
vhat: 1711.7501529300528,610.3644096654435,736.2960588805948,655.4466597099259,651.1138507269177,18.64611708941595,8.773646343033382,9.824631903307605,8.622127520653692,7.281037485919407,3520.5789028121612
vhat: 1710.0547268156813,609.7581874547996,735.5633369503314,654.7913485467167,650.4636973597921,18.627474304605204,8.76487270466853,9.814808553257551,8.61350539686407,7.273756485571607,3529.8670058280404
vhat: 1708.4055487135809,609.1560230327635,734.8277873725466,654.1377587696948,649.8483350290828,18.608913918827156,8.756138429978567,9.804996074506475,8.604904833711194,7.266486179422848,3541.7506730569703
vhat: 1706.6972326683697,608.5693977375931,734.0953533446228,653.4852179265083,649.1986437123878,18.590449921329313,8.747389332509215,9.795192427581403,8.596366937167005,7.25921988670916,3542.186537952926
vhat: 1705.0064515269924,607.9624542786571,733.3619242120801,652.8327555065553,648.5551654858451,18.57185966859621,8.738641973503475,9.785397235480698,8.587770576221754,7.251960670955025,3563.7340254496
vhat: 1703.3025334749134,607.3545153842534,732.6290917789747,652.1799235490836,647.908185079289,18.553439797955264,8.729909385375674,9.775618276579978,8.5792190588396,7.244709112891219,3567.8897152462087
vhat: 1701.6499309481198,606.766150712304,731.9027850633152,651.5355028587541,647.2782968115845,18.53488796059921,8.721179990055706,9.765842764522912,8.570640294280494,7.237465388191327,3585.7252875192403
vhat: 1700.0092722346149,606.1947922988827,731.1754871722273,650.8863735682769,646.6319997050986,18.51635447938755,8.712458859728953,9.75607692419938,8.562072809435703,7.23022870950375,3587.755346949554
vhat: 1698.3439310492943,605.6019784419788,730.4489377639682,650.2362196504578,645.9897142894213,18.497904812346285,8.703826154368462,9.74632084759873,8.553605679654472,7.22301686588284,3585.0035425635615
vhat: 1696.6986805048127,604.9987220520782,729.7270725434649,649.5861886782805,645.3515537302937,18.47941604647081,8.69512724317018,9.736574832237594,8.545052731587724,7.215793957270683,3648.3677960067744
vhat: 1695.0272613845573,604.3942129260461,728.9987806903191,648.9388530854121,644.7080556218338,18.461001072055737,8.686441298117375,9.726839049814991,8.53651468504515,7.208581695924876,3733.480939389952
vhat: 1693.5579684566594,603.951932941703,728.2874427244889,648.305464208465,644.0665806516415,18.442540521024135,8.677755028551292,9.71711221749308,8.527978274953224,7.201373226249643,3747.1240024919953
vhat: 1691.8661827716717,603.3562565562753,727.5597073980564,647.6572844243842,643.4231425774889,18.42410041729806,8.669077963543538,9.707395521587642,8.519451141452137,7.194171909997351,3891.1384288963136
vhat: 1690.1879873031269,602.7676657064554,726.8336370028406,647.0160875014644,642.7806816916711,18.405708800608057,8.660410665175073,9.697688609565878,8.5109408110368,7.186978748090077,3891.134166813657
vhat: 1688.523154982309,602.1807713112222,726.1073037932115,646.3691126174156,642.1407576859873,18.390711386788084,8.6517947334644,9.687991348751597,8.502458808585603,7.180029485312667,3888.29654364138
vhat: 1686.8349147020867,601.5819130230899,725.3843592757036,645.7241349737018,641.5052962169639,18.372320767776483,8.643143053396733,9.678303368809608,8.493956499641483,7.1728494677315515,3920.110756131228
vhat: 1685.1900333628541,600.9872548554637,724.6590470069181,645.0786520707005,640.8693850868118,18.353956810548112,8.634510550766777,9.668626847252101,8.485462969050143,7.165676628025629,3916.2727984359767
vhat: 1683.6109609584892,600.4324510517765,723.946039187772,644.4588791964471,640.2574241518494,18.335654821198496,8.625894831013815,9.658958244317361,8.476997258249359,7.158514575596448,3958.3633440883955
vhat: 1681.9864844623828,599.8320788772003,723.2223018234819,643.8181841169235,639.6363929184377,18.31732010834795,8.617269095036875,9.649300236984397,8.468520754717773,7.151356216206958,3967.0845076824976
vhat: 1680.306421968363,599.2322513551103,722.5041110922325,643.1765188974985,638.998046877095,18.299005868746193,8.608652062873455,9.639651016783759,8.460052839204213,7.144204867216437,3975.4178080430247
vhat: 1678.6266564865368,598.6335382020594,721.7824341723489,642.5333432006635,638.3613570222441,18.280902207946657,8.600109148287936,9.630014858215555,8.451717560066978,7.137060963859336,3984.7550094061367
vhat: 1676.9836230904764,598.0357051169972,721.0632335630252,641.8910554093408,637.7334578406148,18.262621310255543,8.591509232942675,9.620384856742998,8.443265854967667,7.129924019383389,4138.510440514168
vhat: 1675.4033839247945,597.4450497678289,720.3483735777007,641.2616702721521,637.1187267427948,18.244477687687446,8.582924647021969,9.610764513680698,8.434829565393306,7.122795854595791,4171.353417483343
vhat: 1673.7336380503634,596.8705498215032,719.6299941424747,640.6204243878799,636.4818508795668,18.22634526150301,8.574367264207813,9.601158081719001,8.426400962667875,7.115673568704352,4182.452281537413
vhat: 1672.1414665469783,596.35925926535,718.929401095855,639.992839005992,635.867060190962,18.208204510054173,8.56581583534445,9.59155973265716,8.418003899354096,7.108559037924336,4197.657345441226
vhat: 1670.6920780455114,595.8373867733883,718.2131187475459,639.3798189749637,635.2611896505084,18.19020332139713,8.557250403409725,9.581968578554278,8.409658674920086,7.101450646398462,4197.319197893554
vhat: 1669.0931991500104,595.2735274139905,717.4993493821665,638.741747785039,634.6303020356762,18.17201384057203,8.548693173272005,9.572386762717995,8.40124915161345,7.094349199253905,4216.63832406454
vhat: 1668.0715432517482,594.819324679474,716.7933238235108,638.1959749561645,634.0730874795964,18.153841999407653,8.540145438231074,9.562814559016651,8.392848907706664,7.087254850186511,4216.017032664767
vhat: 1666.4453952973001,594.2264330880187,716.0880950893569,637.5608604174772,633.4408588794221,18.135694219855303,8.531608243469258,9.553252104783663,8.384460808878929,7.080167644258484,4212.531865001608
vhat: 1664.833287927637,593.6332936598994,715.3755674452515,636.9243120822183,632.8376431019924,18.11756144334373,8.523094022674785,9.54369916833452,8.376078274625195,7.07308838400966,4346.076698069754
vhat: 1663.2183847659608,593.0571482177842,714.660783990883,636.2874899245536,632.2276208196465,18.099444463197685,8.51457338387518,9.534155688879341,8.367702250788197,7.066015352119292,4450.296439641938
vhat: 1661.7437885257773,592.513892597343,713.9475747815402,635.6531509941559,631.6204478830546,18.08134504369748,8.506059110676466,9.52462154867142,8.359334883579761,7.05895023378609,4696.08151309493
vhat: 1660.0875502863628,591.921820807734,713.2353345788539,635.0185714487508,630.9898087672212,18.063264373787323,8.49755333627455,9.51509736548263,8.350975755691316,7.051891292225694,4785.275334047982
vhat: 1658.446745406053,591.3304670646019,712.5345517005762,634.4005246653418,630.3742029306247,18.045201862451766,8.489056573370226,9.505582306318129,8.34262568124721,7.044839479337673,4836.141055741757
vhat: 1656.8240800768383,590.7526621096537,711.8237696557594,633.7662037916709,629.7455476004914,18.027174481140655,8.480568420171117,9.496076750761896,8.33428833563442,7.037794717897046,4869.442683119322
vhat: 1655.2413778402129,590.1889652980075,711.1198443492339,633.1568238504483,629.1401715321728,18.00939210825729,8.472126654804962,9.486580702023387,8.325964264811539,7.0307688887363,4868.523671277041
vhat: 1653.60771911672,589.5998718439181,710.413280077349,632.5314822424291,628.5126664154055,17.991519903842917,8.463713196175291,9.477094162139013,8.317676566315086,7.023749836706547,4928.778729971015
vhat: 1652.1034151958129,589.044304887219,709.7117782621,631.903839167746,627.942360106707,17.974338677548506,8.455541478261038,9.467620715169902,8.309595515134955,7.01673746894952,4923.872465378085
vhat: 1650.508441508165,588.4622782607994,709.0025697213539,631.2840319687749,627.325062638193,17.956366978818757,8.447087998504056,9.458153097642263,8.301286187705333,7.009720892858562,5052.27781936204
vhat: 1648.8587184565765,587.8739257331068,708.2936591665965,630.6530104535693,626.6977484488646,17.938796383715566,8.439475073355286,9.448696272631325,8.293470605189619,7.002713265414061,5086.361806933777
vhat: 1647.2397162462362,587.2883941661381,707.5869458167349,630.0313089348316,626.0710580907665,17.92085758748953,8.431035600874777,9.439247591456306,8.285177206071976,6.995710552164108,5085.067700266267
vhat: 1645.6484150444412,586.7518479618474,706.8801907687302,629.4021094958088,625.4654727330297,17.902941951150414,8.422608372046161,9.42980844894796,8.276892411252204,6.988714887086893,5330.716364217756
vhat: 1644.0221120825536,586.1689287804152,706.1759266165058,628.7779336427379,624.8422431403459,17.88504799720502,8.414193549636018,9.42037973920048,8.268617610163142,6.981726356931162,5411.229195546315
vhat: 1642.3809870633131,585.5904432940247,705.477699219248,628.1500331458784,624.2177109421266,17.868379779533374,8.40695445011516,9.410959582311525,8.260542118905182,6.974745027697688,5455.3486550679645
vhat: 1640.8194758543734,585.026046257505,704.772547529301,627.5364141954033,623.6042798525209,17.850512033298738,8.398547517224362,9.401548663283544,8.252281588878198,6.9677702905569845,5505.994718955072
vhat: 1639.2050499108705,584.4422497522104,704.0686304553395,626.9102517050574,622.9976400258665,17.83271596187831,8.390164602772588,9.392147386552619,8.244038794150711,6.960805570132217,5506.614080145177
vhat: 1637.5659798704041,583.8613016323168,703.3656388547843,626.2833920150698,622.3757605335345,17.814892919016366,8.381777193252587,9.382756141725096,8.235796255770252,6.953845366281323,5549.593787669518
vhat: 1635.9552320200987,583.2830438705527,702.6624820920118,625.6660469874004,621.7572361361875,17.797078925729643,8.3733964262563,9.373373403229847,8.227561056370813,6.946891567215535,5544.484876265336
vhat: 1634.4327086625062,582.7421305795496,701.9605405324755,625.0581548645036,621.1377134691875,17.77928205768351,8.365023061433172,9.36400003057471,8.21933350254509,6.93994469521358,5568.830360935692
vhat: 1632.8152324527396,582.1625114436549,701.2689994015524,624.4369208874879,620.5204323694087,17.76195885671566,8.356786857670246,9.354645169400692,8.211224196202805,6.933004938702038,5574.855473251687
vhat: 1631.199222724609,581.5809301042185,700.5702575937271,623.8142785961489,619.9037090775164,17.744198714829988,8.348430088036736,9.345290538161484,8.203014038891173,6.926071936319858,5569.809887013173
vhat: 1629.576921011049,581.0054529974848,699.8712636293691,623.1904914680359,619.293203898471,17.733565469412493,8.343524889994969,9.336007479025879,8.194886703362856,6.91922991101733,5693.076086037877
vhat: 1628.0065363265758,580.4264116546116,699.1720447908896,622.5737337587941,618.6800599141765,17.715852277089297,8.33518137372481,9.326671565349406,8.186696244335959,6.912311042712785,5690.590390126666
vhat: 1626.6857045303652,579.9292254955079,698.4799409898062,621.9513027551241,618.0626358517767,17.698255784260585,8.32685388034287,9.317352390761311,8.178510139746326,6.905398908819581,5722.063658824419
vhat: 1625.0749505882254,579.3921408867217,697.7821195919275,621.3376062317822,617.4504472742245,17.6805967308599,8.318555684354582,9.308048446710888,8.170351569737159,6.898493512468388,5753.670851439444
vhat: 1623.4561106747904,578.812984068158,697.086746984709,620.7168579570141,616.8345929621049,17.662917854558966,8.310239777296903,9.29874079626425,8.162182407925041,6.89159540484654,5748.217525816701
vhat: 1621.9514092636678,578.2649057645393,696.3911544638954,620.0987891060456,616.2302965844698,17.6452562750583,8.301929538817177,9.28944207141588,8.154021522063498,6.88470391828518,5742.586781966913
vhat: 1620.3302441900248,577.6877256059354,695.7004664854836,619.479554967861,615.6144799091869,17.62761192666479,8.293633991035763,9.280154537251818,8.145867584923272,6.877819345514118,5899.305136134028
vhat: 1618.724692901211,577.1605711495195,695.0113128473969,618.8662440741483,615.008330473004,17.60998444390557,8.285340437822452,9.270874384982275,8.13772188283849,6.87094156005011,6044.164953455904
vhat: 1617.1269376126545,576.6003027151423,694.3248931659729,618.2485035128494,614.4179383199931,17.59237450559349,8.277055140646327,9.261603512944575,8.129584162386188,6.864070673407416,6057.498108768451
vhat: 1615.5562628602584,576.0374995646312,693.6325253211153,617.6303923229488,613.8040824517401,17.574782499976248,8.268778187919633,9.252341912958661,8.12145470787439,6.857206630808754,6070.542364347849
vhat: 1614.09600825125,575.501883480295,692.9390902109,617.0491723603523,613.2160231074606,17.557207773346263,8.260509487534865,9.243089861799689,8.113333363599352,6.850349425774445,6082.688376237709
vhat: 1612.487001272793,574.9277774916674,692.2462545569391,616.4323411248557,612.6033031950681,17.53965160046295,8.252249032904045,9.233846946908633,8.105220416667592,6.843499154485283,6127.638284744448
vhat: 1610.928757029537,574.3649480821034,691.5551945655761,615.827484280035,611.9982065474767,17.522112624293353,8.243997266228087,9.224613111083148,8.09711603963835,6.836655908536526,6150.182516986838
vhat: 1609.3953229756617,573.8674540085724,690.8701336356661,615.2256895696119,611.4179411211028,17.504610458853957,8.235757547819468,9.215388860277647,8.089024832742908,6.829820639103989,6150.2423234494745
vhat: 1607.813161771623,573.3016779833812,690.1821118119179,614.6106551610238,610.8078649998413,17.487118986476453,8.227568674183344,9.206174296113511,8.080935864957487,6.822991074485084,6146.729743523462
vhat: 1606.2366260218407,572.7360108398074,689.4980221567621,613.9996902068076,610.2126016068582,17.469637125495613,8.219342521089947,9.196968122543698,8.07285605024409,6.816168083559888,6213.647758449213
vhat: 1604.6324400914903,572.1633211117152,688.809271495437,613.3857563851547,609.6034796496464,17.45342947957888,8.211468642476342,9.187774450890482,8.064893528828508,6.809352982302597,6208.468030321947
vhat: 1603.0313309397527,571.5933374103262,688.1204794295074,612.7725863081536,608.9939027796937,17.436926804029092,8.2034323963368,9.17858669617092,8.056893731306134,6.802563528971966,6206.285712487023
vhat: 1601.455512374329,571.032491420904,687.433254015348,612.1652355100866,608.391526436265,17.41951297780856,8.19523841314743,9.1694090079378,8.04884029375717,6.795762564831666,6249.190593534754
vhat: 1599.860422026858,570.463020469768,686.746011167288,611.553191471834,607.7860280928821,17.402093640227715,8.187043523256087,9.160239619253856,8.04079177940028,6.788966871596345,6246.704223775424
vhat: 1598.2999311018536,569.9412149916291,686.0622463937073,610.9472024566089,607.1817299996238,17.384691561982166,8.178857021848646,9.151079380195139,8.032751032357469,6.782177909661636,6276.54379069181
vhat: 1596.702543255963,569.3752781873528,685.3762457303689,610.3372477019782,606.5750288672116,17.36731100980955,8.170752760778425,9.14192832593622,8.024733533768806,6.7753970111477235,6795.079189544335
vhat: 1595.2845960793077,568.9032247451112,684.7147684144537,609.7328813744223,606.0402300734305,17.349943764718997,8.16258214712421,9.132786401629346,8.016709397583341,6.768621614166883,7366.408691856174
vhat: 1593.6905423114001,568.3416904932874,684.0307878689068,609.1235016245586,605.4343028698295,17.33260413576308,8.154419588916255,9.123653617319134,8.008693266927633,6.7618542019648995,7417.154800626165
vhat: 1592.1228174640603,567.7771865838121,683.3467769013474,608.5146316470767,604.8312361553766,17.315293215276007,8.146268052844725,9.114529976657726,8.000689297295338,6.755093443028201,7442.622929944134
vhat: 1590.5319603414705,567.2162668825038,682.6660132652318,607.9160595096815,604.2295328923642,17.29798790868515,8.138135323056352,9.105416093179345,7.992692181333638,6.748338378266907,7787.348911777757
vhat: 1588.979771514464,566.6498271509446,681.9879917600168,607.3148532707373,603.6312847333171,17.280698510010694,8.129998735820863,9.096311016192034,7.984701445576798,6.741590303589156,8020.371528110531
vhat: 1587.3927103700632,566.0865826019362,681.3062152396441,606.7159453339059,603.0307861885387,17.26381311802719,8.122010320262927,9.08721487786026,7.976787539611672,6.734848958076185,8055.540155032446
vhat: 1585.8124136985664,565.5574097857982,680.6251866958409,606.109844252449,602.4328233074466,17.246554206022566,8.113888433737387,9.078128089554228,7.9688107898623155,6.7281155257255,8065.923446612687
vhat: 1584.2370860644653,565.0099297911463,679.9446920969532,605.504148473568,601.8321898156925,17.229321294031983,8.10577495825731,9.06904996194225,7.9608485797003965,6.721387838798353,8089.027440462481
vhat: 1582.661840645201,564.4451720062802,679.2669635765752,604.9288276136278,601.2304381540317,17.21212805335515,8.097669522056254,9.059981289561119,7.952887758430141,6.714667425207303,8110.924400281615
vhat: 1581.088856440996,563.8817279933645,678.5877292038879,604.3240748874721,600.6292373267032,17.19509167179365,8.089674972547757,9.050927880265467,7.944957084983367,6.707952802174909,8421.644682868846
vhat: 1579.558310403289,563.3289666345025,677.9095866085318,603.7197790878037,600.0548894138255,17.177897688885334,8.081586030154993,9.041877021325579,7.937012562967722,6.701244933894014,8642.066037121196
vhat: 1577.9787575388295,562.7750706688246,677.232978644031,603.116586507735,599.4550033247427,17.160720049837202,8.073505000623848,9.032835145945445,7.929076250607611,6.694543852753758,8637.363491950697
vhat: 1576.420770676487,562.222144651526,676.555840656572,602.5199630635396,598.862126877364,17.14367784446163,8.065452426313698,9.023802318785318,7.9211553031613215,6.687851240984196,8938.547523085506
vhat: 1574.8494539464255,561.6606209964688,675.8794464199505,601.919443873767,598.2739595317347,17.126535749031365,8.057386976891756,9.014778525338238,7.9132345644547275,6.681163418980541,8929.635342983696
vhat: 1573.2909270564624,561.0995318461408,675.2037961122484,601.3188113870926,597.6780637968801,17.109410572399966,8.049330320790569,9.005764389725382,7.9053214737057464,6.674482280439102,8932.83087464744
vhat: 1571.7177982945173,560.5388274678678,674.5286899509894,600.7176991989975,597.0837249589305,17.092309852708226,8.041286303267182,8.99675941468581,7.897426468787544,6.667808855707746,9449.764646970307
vhat: 1570.1471194380806,559.9999248788124,673.8545531210668,600.1238906075951,596.4876057876127,17.075218313694887,8.03324604429153,8.987762659182605,7.88952904313433,6.661141163935679,9453.11494145415
vhat: 1568.5771800349319,559.4399424336365,673.1807246903447,599.5240113093166,595.8911257694319,17.058250205267637,8.025223797857786,8.978774901369428,7.8816405553752205,6.654482059408898,9714.117504127305
vhat: 1567.0331232257263,558.9025655540571,672.5116297256203,598.9288566424873,595.3001861014158,17.041192383032268,8.017198944003736,8.969796126507937,7.873759225597248,6.647827588206595,9734.730361500971
vhat: 1565.4778080408878,558.3579492144206,671.8420721921968,598.3341092529149,594.7089119941169,17.02415119788821,8.009181757859704,8.960826349182684,7.865888071505241,6.641180068071787,10007.634104685563
vhat: 1563.9220554679284,557.8295619986607,671.17711467118,597.7445870851531,594.1185864341644,17.007127280007555,8.00117310244032,8.951865539973692,7.858024854049231,6.634539013629897,10323.872657252616
vhat: 1562.3586199145852,557.2751510456012,670.5063169426087,597.1471309506707,593.5265744580192,16.99012171268103,7.99317193018929,8.942913677034579,7.850167415896785,6.627904491550394,10516.265991681521
vhat: 1560.9996995403542,556.822213406362,669.8692158848777,596.5950096341625,592.9882877311715,16.97313923936988,7.985181001854829,8.93397077958782,7.842323571671176,6.6212767695736385,10958.044027215672
vhat: 1559.5523617376662,556.2876816994599,669.2055538207271,596.0088784429751,592.3967213369212,16.956210505647064,7.977366601944178,8.925036809494113,7.83450744765998,6.614657440171029,11018.32112228349
vhat: 1557.9929504346617,555.7315457638946,668.5363849632026,595.4158949539503,591.8078959501015,16.939455069046705,7.969701147809725,8.916131624855275,7.826848689779162,6.608042787008604,11013.08182750305
vhat: 1556.4446088083323,555.1758273461885,667.8678991789633,594.8214806009495,591.2185015836579,16.932049552386037,7.964251189161515,8.907216819394826,7.819123715338557,6.60147469570498,11043.277366445081
vhat: 1554.9025491879738,554.6213913983372,667.2003616255187,594.2299709735603,590.6275070362337,16.91532239959277,7.95630716143729,8.898313275908752,7.8113234756321654,6.594873316607099,11045.799975600466
vhat: 1553.3499974044469,554.0673829606085,666.5337344838115,593.636679520657,590.0394888013371,16.8984125330266,7.948398165137297,8.889415811678226,7.803512511763336,6.58828369194758,11861.606879282157
vhat: 1551.8073478567308,553.5138489085241,665.8710851798047,593.0430883164578,589.4510513383424,16.881535460714876,7.940453857385605,8.880526985637431,7.795711018572842,6.581696344014354,11983.141858090563
vhat: 1550.256909683836,552.9605929793054,665.2069020422035,592.4501162111902,588.8653719779433,16.864653979002632,7.932513516836568,8.87164646121445,7.787915338452998,6.575114659183801,12031.43961675361
vhat: 1548.7297760807246,552.4140406482564,664.541786684439,591.8717410565866,588.2765923963464,16.84781794891188,7.924606947034951,8.862774934146087,7.780130208481838,6.568540394004985,12091.692182003702
vhat: 1547.2913403859936,551.8918047442701,663.8775193801482,591.2947398815711,587.6913950472455,16.830970188363068,7.916682570524996,8.853912447134329,7.772351106921962,6.561971854081791,12258.210428078019
vhat: 1545.7682189387053,551.3409244418409,663.2142029623229,590.7074383690963,587.1044071553913,16.814154261774767,7.90876709125775,8.845058949376694,7.764583567543221,6.555410075762778,12752.896198612989
vhat: 1544.2360257005435,550.7897742162613,662.5523264117345,590.1210910899143,586.52419443949,16.79734643350809,7.9008668493812575,8.836213955618229,7.7568247180780885,6.548854678560559,13201.572776517838
vhat: 1542.6958069957338,550.2391834979611,661.8941466058777,589.531106150723,585.9376811033126,16.782963673174145,7.893335506980774,8.827418946631786,7.749127728957648,6.542305932445141,13305.252971934333
vhat: 1541.1604941241883,549.689671900272,661.2322794430722,588.9480993662502,585.3517496512311,16.766184096437115,7.885442311055884,8.818591805769536,7.741378649336032,6.535763653572845,13327.075947159721
vhat: 1539.6543204481814,549.1459757725647,660.5789524977974,588.3604117418029,584.7758271739784,16.749447113706683,7.877559751187434,8.809773223757826,7.7336585698042155,6.529228012151243,13328.815120032385
vhat: 1538.1510247669557,548.6194822074526,659.9237880800275,587.7727547388462,584.2267600380427,16.732707303395223,7.869684417824566,8.800963786967248,7.725926813079484,6.522699091393804,13325.908845942127
vhat: 1536.6329217161476,548.1103653378815,659.2639570503476,587.1871246533507,583.6451433099357,16.716007798497056,7.861835568837844,8.792163152392872,7.718203934659289,6.51617952659739,13452.228500593352
vhat: 1535.2114134101755,547.562276514498,658.6081879049632,586.6178812972998,583.0686771908911,16.69945735570548,7.854098288020007,8.783371032715054,7.710554201672295,6.509663573553876,13438.822809017483
vhat: 1533.6825724607984,547.0151431976125,657.9496210217358,586.033128817019,582.486362892495,16.682757971276416,7.846244230026179,8.774587664353415,7.702843647601453,6.503153927363154,13443.401580618385
vhat: 1532.1502184413296,546.4687080221668,657.2921490649704,585.4518647744073,581.9041327069865,16.66608731204174,7.838405008622281,8.76581325144752,7.695141849407714,6.496651461526151,13577.041245971996
vhat: 1530.6406215823224,545.9344684738278,656.635303989246,584.8668010637596,581.3230868604904,16.649424243545152,7.830568220106736,8.757047529311077,7.68744711747969,6.49015481015773,13766.095218873523
vhat: 1529.1236680791746,545.3934884740166,655.9795414441547,584.2827674717602,580.7426915561093,16.632811968238027,7.822768169525677,8.748290735075374,7.67977039834808,6.483666312102857,14010.433662452391
vhat: 1527.598232546583,544.8498521799266,655.3259082344981,583.6988615360453,580.1692944855257,16.61642912979624,7.815319170132345,8.739557202644365,7.672108447632848,6.477182645873929,14050.218042781062
vhat: 1526.1196941137277,544.3148578363873,654.6729765004333,583.1166034310062,579.6084020261472,16.599833521535295,7.807509239278843,8.730817863547218,7.664442593540448,6.470705463316485,14036.811276744484
vhat: 1524.6284788727044,543.8104928163201,654.0222403640428,582.5522584290087,579.062488299419,16.583235588866348,7.799702275637083,8.72208706379904,7.656785127519365,6.464234931341506,14089.432252049046
vhat: 1523.1185109392698,543.2673472461072,653.3685332519965,581.9727046289877,578.4834333010879,16.56665313119723,7.7919026579413115,8.713365025744906,7.649128419892113,6.457770713656036,14260.17572018901
vhat: 1521.6028837783297,542.7481545707718,652.7157319297113,581.39309905052,577.9083885159216,16.55008870174886,7.784110837906368,8.704651723213281,7.641479387799236,6.451313091799911,14283.734478160652
vhat: 1520.0813028817206,542.2072850262578,652.0709129508998,580.8118874202355,577.3304842411096,16.533544013770555,7.7763275478971305,8.695947579322157,7.633838027580166,6.444861793049875,14275.53886453899
vhat: 1518.5724502104306,541.6650858152253,651.4196570578011,580.2317212515103,576.7548435117895,16.517940029154037,7.768857539805237,8.687251632753611,7.626736451328729,6.4384209792999245,14296.191978066927
vhat: 1517.0973268932598,541.1540101918224,650.7727607594019,579.6527817507995,576.1892445593961,16.501422999959203,7.761089090399004,8.67856455232835,7.61910975320969,6.431982651541302,14932.882206980332
vhat: 1515.580241057669,540.6146015567217,650.12211332309,579.0821552488194,575.6131224714845,16.485826787174396,7.753403519446008,8.669885991276683,7.611571368706208,6.425626740257384,14919.931763078708
vhat: 1514.0764328850528,540.0863141120784,649.4720989313597,578.5044544222569,575.0386257063474,16.46936548164389,7.745650229527533,8.66121636428614,7.603964789608969,6.419202157008086,14910.100404714529
vhat: 1512.5657652587274,539.5598158307251,648.8358006864797,577.934249645172,574.4661226395103,16.453138393897405,7.738379342936457,8.652555655661724,7.59700463002041,6.4127952570461275,15325.809469710055
vhat: 1511.0539446447124,539.0202946889848,648.1917909684112,577.3606599555601,573.8936293802099,16.436713882898736,7.730641151843177,8.643903227446234,7.589407922064879,6.406383137112952,15317.865060136752
vhat: 1509.5465741287128,538.4841705959993,647.5460673532917,576.7833958458502,573.3199956588372,16.420277237564292,7.722910519661766,8.635259326381894,7.581818515913144,6.399976755661772,15375.89969205187
vhat: 1508.0453982212928,537.9463790338486,646.8985242040958,576.2118048897821,572.7472939213648,16.40386776985151,7.715191850849093,8.626624390694806,7.574236753255249,6.393576985623745,15397.99322644744
vhat: 1506.537356493928,537.4308200680206,646.2557467849703,575.6363182541738,572.1853049409777,16.38747116012575,7.707477969415921,8.617998155744607,7.5666645592098245,6.387183491472355,15538.826759639096
vhat: 1505.052672812893,536.903031903757,645.6126008382985,575.0739830243258,571.6145145465886,16.371086395632073,7.699771062234172,8.60938044109679,7.5590979260837825,6.380796564639387,15634.951574621793
vhat: 1503.571077811575,536.3691751500987,644.9682430680632,574.4992478746738,571.0470793924885,16.35471538582909,7.692073010991457,8.600771877436314,7.551545067944852,6.374415772041145,15695.695280460397
vhat: 1502.0706659419368,535.833969926691,644.3256598204905,573.9260443369227,570.4766377284294,16.33838492836417,7.684384738052997,8.592171391742596,7.543993886363492,6.36804202510737,15695.765801387432
vhat: 1500.5845961795724,535.2992281817795,643.6813623346743,573.3535072101772,569.9115759975512,16.322060470759535,7.676702724028815,8.583579480348988,7.53645899441445,6.361674354109177,15685.868973586246
vhat: 1499.1201456958208,534.7751477035421,643.0376840914149,572.7898186519201,569.3484504542826,16.305738496498616,7.669026191402844,8.574995902669178,7.528922582743449,6.355312723095797,15676.36031173961
vhat: 1497.6337811373212,534.2480409916075,642.3975227523988,572.2179916649077,568.7817374838297,16.289710181326566,7.661409257265376,8.566420948534773,7.521706331192509,6.348966664063917,15698.03399734135
vhat: 1496.1373338686249,533.7138184081175,641.7557111658152,571.6561874347011,568.2163773209929,16.27342916921066,7.653749225473131,8.557854566585219,7.514187425763305,6.342618540336712,15736.192340293474
vhat: 1494.6412520185072,533.1801709956054,641.1145006219054,571.086193645399,567.6485075034655,16.25724125693268,7.646100532943658,8.5492967746605,7.506677087111555,6.3362789426716555,15759.238743374144
vhat: 1493.1515995599987,532.650370694167,640.4735036305925,570.5164545820242,567.0808596522464,16.24099289671183,7.638455282293303,8.540747489412912,7.499170948132913,6.329942667429198,15755.123217202312
vhat: 1491.6631765443512,532.117759475877,639.8332987091942,569.9459664048014,566.5138449970369,16.224754958613726,7.630816840830701,8.532206743720499,7.491672067367529,6.323612754944867,15818.083900519912
vhat: 1490.2143488967408,531.589488809481,639.1956746023623,569.3838027519906,565.9503785361721,16.20853424718272,7.623187105757003,8.523674634678807,7.484181528623703,6.317289384906685,15821.927336951077
vhat: 1488.7304910515747,531.0676397819619,638.5574399567136,568.8148172441104,565.3886436245137,16.19232652146322,7.615563979193672,8.515150972328058,7.476697609250183,6.310972102448156,15807.693899066586
vhat: 1487.2607969496844,530.5556095171249,637.9282429174606,568.2460028311151,564.8478407826947,16.176134259805423,7.607948439556872,8.506635895967904,7.469221206452165,6.304661135548515,15889.806706093044
vhat: 1485.7797475399443,530.0255004368219,637.2907807129558,567.6780904645813,564.2835929174394,16.15995998663891,7.600340546797648,8.498129281948009,7.46175210762124,6.298356554181313,16067.732484646662
vhat: 1484.3610372020505,529.5752572461176,636.6537884603929,567.1203840428373,563.7336023312376,16.14389519130065,7.592774289755524,8.48963225686602,7.454359702923108,6.29206248308492,16059.846943282877
vhat: 1482.9295823547313,529.0534347021149,636.0263181583815,566.5549298481942,563.1798555602782,16.1277715992147,7.585183502461021,8.481144746959092,7.446952792875738,6.2857704211373475,16046.826898640798
vhat: 1481.4490095857404,528.5257348725495,635.3913000456332,565.9884607836034,562.6172747901066,16.111648209295527,7.5775996057510735,8.472663754347648,7.439506340378041,6.279484695507761,16034.026803085048
vhat: 1479.9722569493952,527.9986115066761,634.7560043670924,565.4225922019142,562.0561263674451,16.09557825872461,7.570034486149131,8.464207050257096,7.432081584323043,6.273205251957049,16053.094251690232
vhat: 1478.501987728419,527.4708021017614,634.1239902890806,564.8574026644034,561.5202243345016,16.079647177209708,7.5625027342163795,8.455742843243947,7.424705402916618,6.266932047091066,16098.670794887621
vhat: 1477.028770088305,526.9434693834543,633.4954893703041,564.2926077298288,560.9706170362881,16.06366065631459,7.55494352459368,8.447287215979378,7.417288203048092,6.260665410720263,16122.985413148783
vhat: 1475.631606297079,526.4821735980356,632.8646224663852,563.7312336505514,560.4204105236179,16.047597481450467,7.547388628801427,8.438839937240276,7.409871298436112,6.254404751464054,16203.144125601064
vhat: 1474.1918725342314,525.9557164279977,632.2331169255566,563.1709898469943,559.8604132166199,16.031550147573178,7.539841393581137,8.430401189463588,7.402461429641961,6.248150533135426,16208.60426534397
vhat: 1472.723048106494,525.4468994239127,631.6010384339969,562.6079496134954,559.3074704533751,16.015530857017406,7.532302526032489,8.421971016747317,7.3950653874772385,6.241902617534107,16337.804769725568
vhat: 1471.2516445529047,524.9224466786292,630.9694596154792,562.045525229178,558.7506881453268,15.999544555955078,7.524771081363838,8.413549154293156,7.387681051253626,6.235661731897106,16619.710305980898
vhat: 1469.7955153716907,524.3976025751848,630.3398888269941,561.483528900421,558.1986780558603,15.983554699271336,7.517246570032587,8.405135674869362,7.3803059893645875,6.229426076091277,17069.794525912803
vhat: 1468.3425427795323,523.8745705475196,629.7107460922385,560.9283791300375,557.6406700287332,15.967963991189835,7.50974158492264,8.396741399124092,7.372971065967037,6.223196650576902,17081.55551975874
vhat: 1466.8743126881238,523.3508102305485,629.0811209117574,560.3675080742182,557.0830353911479,15.95200936001195,7.502232463667352,8.388344778327378,7.3655980992457195,6.2169755431536045,17228.499762526422
vhat: 1465.4096243512752,522.8309944540948,628.4551417651288,559.816731998985,556.5288171402393,15.936057371663589,7.494730282207835,8.37995643359685,7.358232502128846,6.210758571523838,17263.94229736935
vhat: 1463.9579365405875,522.309681000758,627.8283741319711,559.2587120574494,555.9733110957418,15.920121325506432,7.487236737723316,8.371576480705409,7.3508744571424725,6.204547986234941,17501.16210207268
vhat: 1462.5396084266677,521.7970745494911,627.2023297750964,558.7005037531015,555.4292561308254,15.904202350236359,7.479749746755996,8.363204964225623,7.3435248316623705,6.198343736507362,17521.252687808217
vhat: 1461.1331769195376,521.303162140226,626.5785912382572,558.1438564937331,554.8800577275023,15.888304322458739,7.47227359844423,8.354841871283195,7.336181369446116,6.192146933689236,17637.258748436212
vhat: 1459.7354997606435,520.81550875929,625.9583210485141,557.6042233256196,554.360740750808,15.872416149372896,7.464802142882296,8.346487029869706,7.3288451931624445,6.18595482378634,17663.86484367685
vhat: 1458.2761404130636,520.2950580405521,625.3323651798293,557.0515850679379,553.813238069112,15.856544513106089,7.457337415081218,8.33814054706808,7.321516498821916,6.179768931516446,17708.09703355586
vhat: 1456.8302654532752,519.7758410188479,624.7070813162892,556.5028500802968,553.2602175185606,15.840744178221035,7.449972283996207,8.329803363687283,7.314223912087524,6.17358970293218,17835.842796842826
vhat: 1455.3734385753316,519.2718978569909,624.0842528624866,555.9470442933829,552.7267043140014,15.82505982267213,7.442576700235614,8.32147356285527,7.307132681209847,6.167416635830216,17872.576437626172
vhat: 1453.927155651745,518.7541638693842,623.4623348679713,555.3915569912151,552.1747322284688,15.809250982164391,7.4351370494424085,8.313152119727489,7.299828466280217,6.161249698943305,18029.958315880143
vhat: 1452.4854313437472,518.2421442140761,622.8413004087038,554.8368180606583,551.6228921641531,15.793442455301665,7.427713149985601,8.304840352874827,7.292532752630539,6.15508850837653,18011.93304186155
vhat: 1451.0337290084,517.7242275968889,622.2186552403067,554.2882625063985,551.0730146642437,15.777678473001107,7.4202896772132805,8.296535609112212,7.285260417425873,6.148934185547908,18023.630263104635
vhat: 1449.5866660452202,517.2065765692129,621.5966117960777,553.7343590822354,550.5235307207639,15.761901902966821,7.412870132286612,8.288239087579981,7.277976340697036,6.142785290342687,18835.308079831215
vhat: 1448.137808352405,516.6937908888378,620.975212503415,553.1807173569937,549.9732004837587,15.746166695429952,7.405477863869726,8.279950851529987,7.270706990943283,6.136643508308281,18856.279556828216
vhat: 1446.6902643879844,516.1786602177714,620.3544916946855,552.6275366475437,549.4260231565296,15.7304530131805,7.398089475286317,8.271670974743026,7.263450202046318,6.1305088270086285,18867.368483643433
vhat: 1445.2454842988368,515.6785109164356,619.7341496529992,552.0788440551898,548.8766992467258,15.714722755468223,7.390691520231342,8.26339931608263,7.25618746802943,6.124378328624479,18873.90397227364
vhat: 1443.8053047797378,515.1656439577338,619.1146582514002,551.5282045332054,548.3305313818029,15.6990097655136,7.38330088293749,8.25513591704572,7.248931415860159,6.118253952783177,18887.121067662833
vhat: 1442.3615132300997,514.650680432241,618.4958938239562,550.9767008739082,547.782399731517,15.68331852920117,7.375918539056107,8.246882076150063,7.241684279427097,6.112138936312731,19103.194883501645
vhat: 1440.9199432226378,514.1364351389398,617.8774381055274,550.4265305082864,547.2348687169049,15.667659983902855,7.3685582639531,8.238635806739271,7.234442886425607,6.106028612674527,19164.676581875647
vhat: 1439.4801434523752,513.6223596718547,617.2595667294929,549.8782007309995,546.6907746333628,15.652006072977967,7.361200438543615,8.230397194598757,7.227223335096374,6.099923217490566,19145.590723388726
vhat: 1438.0412306461233,513.1099374656861,616.6425201570584,549.3283264239673,546.1453780334014,15.637001432726858,7.354470315076489,8.22216679826875,7.220913262718971,6.093823295032912,19173.612140903115
vhat: 1436.6041227144322,512.6141077230708,616.0314911918264,548.7790043857573,545.5994440681853,15.621365727732735,7.347116055917673,8.213944647773816,7.213692613347224,6.0877294721907225,19166.782146218593
vhat: 1435.3308236496562,512.1359541792018,615.4223249067695,548.2460769617121,545.0839671231777,15.605771856061573,7.339788957618212,8.205730717352026,7.206513306728286,6.08164181338398,20223.20246479996
vhat: 1433.9444856224177,511.6241091786354,614.8131155230714,547.6990403098245,544.5443151289968,15.590170339201869,7.332449187082388,8.197525171321256,7.199307235400821,6.075560194111023,20248.76021174754
vhat: 1432.5156724903852,511.1144063439009,614.2005342948228,547.162124802054,544.004149396205,15.5745804462036,7.325116754075055,8.189327650414786,7.192107928451293,6.069484832956505,20231.934312895108
vhat: 1431.1088341200154,510.6114077048983,613.5881429507748,546.6149662940956,543.4627269508823,15.55900800755585,7.3177941311832,8.181138392038788,7.184919960575792,6.063415470500772,20321.153747616103
vhat: 1429.680153146239,510.1054746301241,612.9748653285018,546.0699522057196,542.9218596189573,15.543449002935704,7.310477530718388,8.172957499740297,7.177742819123589,6.057352247547646,20354.178855942042
vhat: 1428.2571314868799,509.6102169445128,612.3724192530975,545.5240780780833,542.3837940297901,15.527905557353504,7.303167285799933,8.164785155556435,7.170567430218673,6.05129493219246,20338.9477430272
vhat: 1426.8661347037907,509.11724790582133,611.7623958720438,544.9798428149855,541.8539326717523,15.512387543712748,7.295865046467766,8.156620372707833,7.163399311091932,6.045244436398292,20319.555249128658
vhat: 1425.461172064679,508.60814369478646,611.1510250181627,544.4348639476642,541.3181605440699,15.496885086783758,7.288574981905174,8.148464352804995,7.156244016783137,6.039199192319242,20301.86975646777
vhat: 1424.0628589240725,508.1029744690236,610.5408982512637,543.8919741939341,540.7871222454723,15.481389725707878,7.281286839377305,8.140316021110083,7.149088502274606,6.033159993453127,20286.86686089187
vhat: 1422.6438841968761,507.59831827294533,609.9309511251539,543.3489137810944,540.2464329449723,15.47248068470423,7.276727262143208,8.13224377999219,7.142664601703292,6.027441098316421,20303.671533664517
vhat: 1421.2297445975594,507.0911022738419,609.3210378991608,542.8092144705718,539.7075141026442,15.457016769314778,7.269451773378856,8.124111846120536,7.135522968967574,6.021413773226726,20298.52431763758
vhat: 1419.838132288725,506.5929282795969,608.711950669214,542.2724570156898,539.1781857444371,15.44156204862857,7.262185944662441,8.115987739705036,7.128389125883093,6.0153927614203715,20359.31465143431
vhat: 1418.4366119306578,506.098233417635,608.1033663676949,541.7350198825795,538.6419055881707,15.4283324723059,7.25503597059827,8.10789697291696,7.121687427026539,6.00937740157098,20352.374009577998
vhat: 1417.0182997149682,505.59274720538923,607.4954428859447,541.1932916163962,538.1038849464067,15.412965999351913,7.247797277965128,8.099789077096025,7.114589665757264,6.003368358621667,20338.414038383242
vhat: 1415.6439245562947,505.20844982416077,606.9032639792498,540.6544014383346,537.5918755137234,15.398070512737357,7.240580339469134,8.091693811330115,7.107508778316064,5.997365045452286,20397.524281595583
vhat: 1414.2348780253099,504.7034657028424,606.2965159881124,540.1140551056528,537.0551576007931,15.382754114177594,7.233404790659707,8.083604783484688,7.100462605207854,5.991368382323998,20380.199255810006
vhat: 1412.8400646279147,504.20681270077336,605.6906167994737,539.5765732883522,536.5181496835279,15.367405042048244,7.226186628462937,8.075527098525843,7.0933629809807375,5.9853788234985235,20424.569782293747
vhat: 1411.639743335744,503.71643566823843,605.0900808859886,539.0466395552244,535.999331602474,15.35203785458439,7.218961938380593,8.067451658085721,7.086271211130735,5.979393610305371,20987.593115149568
vhat: 1410.2298550219055,503.2132221152642,604.4853234303047,538.5076280651348,535.4636614050598,15.336686393238859,7.211743095161203,8.059384383384781,7.079185177845203,5.9734142199507785,21133.599977958256
vhat: 1408.8207550471393,502.7505542451133,603.882660575408,537.9695520197088,534.9283336572049,15.323224250978397,7.204587229389412,8.05132541683981,7.073076276493219,5.967542601870557,21119.295928632426
vhat: 1407.4124442520322,502.24785664691717,603.2788089967072,537.4315857062488,534.3934101561863,15.308536154329492,7.1977111458002065,8.043274095871773,7.066442301613137,5.961601847462914,21298.612356909336
vhat: 1406.0575521579076,501.7938868217785,602.6900092573845,536.8975392782584,533.8702689825049,15.294541469603418,7.190843006812354,8.035254344330102,7.059812675824636,5.955655440701464,21419.708977178474
vhat: 1404.7221387279526,501.3009460404294,602.0964740313681,536.3744673982617,533.3374004224501,15.279282358333429,7.183656437125267,8.027221131921035,7.0527571139094585,5.949699849316429,21399.651668410923
vhat: 1403.319419779568,500.8028312653888,601.4943842898075,535.8386079873407,532.8048197648715,15.264005591436534,7.176472851049897,8.019193945472898,7.045705913789748,5.9437503645379826,21499.828318601772
vhat: 1401.937593407957,500.303696156039,600.8929579295617,535.3054169651323,532.2722941264229,15.248741872976808,7.169296532931846,8.011174752066392,7.038660256722394,5.937806622281459,21571.250591490374
vhat: 1400.5897874378454,499.83243103189784,600.2941434697452,534.7793974358268,531.7467837198701,15.233508477019727,7.162130411863503,8.003163917373291,7.031624098912074,5.931870758175211,21873.94104551368
vhat: 1399.2003585390596,499.35277238633006,599.6940286939415,534.2537649718121,531.2154875638715,15.218276481693891,7.154968777951361,7.995160753460816,7.024593081881164,5.925938919574938,22201.423437684563
vhat: 1397.815787352301,498.8551304149196,599.0943372003394,533.721375671612,530.6923237473143,15.203060481589517,7.147814593727213,7.987165599513657,7.017569315151247,5.920013059575711,22422.671636735413
vhat: 1396.4789588051883,498.3736909532578,598.4962490179676,533.1928096477807,530.1630848977283,15.187885118292584,7.140700169487224,7.979180817158083,7.010578492924607,5.9140930466782695,22617.77625201821
vhat: 1395.2056337345123,497.9431773421492,597.9016911598826,532.6821128571318,529.6555683154124,15.172698741908519,7.133559679478427,7.9712017216877085,7.003568192012629,5.908179002429802,22596.12701133412
vhat: 1393.8201958280927,497.4467245949007,597.3039101112424,532.1511853067328,529.1452459486561,15.15857551109141,7.126877563034686,7.963230528997719,6.996815135744133,5.902270893400517,22593.824225262157
vhat: 1392.46097044114,496.95445771764537,596.7091988706717,531.6222540675368,528.6161262452243,15.143418541579775,7.1197512697375975,7.955267298826685,6.9898186958598165,5.8963686265385995,22571.934377247864
vhat: 1391.0696810599875,496.45760778574004,596.1124983982633,531.0906867428292,528.0875161664558,15.128286890006626,7.112636501001547,7.947312532936583,6.982830214436263,5.890472258590749,23258.120125968046
vhat: 1389.6802424924674,495.9663377202154,595.5171925837157,530.5597401192315,527.5645011518254,15.11317593059055,7.105527958730409,7.939366395371737,6.975854397851081,5.884582142404382,23354.458038744033
vhat: 1388.2916380768188,495.4720648595516,594.9219803296625,530.0292818768031,527.0369980387471,15.10098271408247,7.099125849849324,7.931427664424435,6.968988059078958,5.8787743789564635,23345.792973448602
vhat: 1386.9493590367374,495.00233865956295,594.3271658852462,529.4995808128712,526.5100262094717,15.085881787284734,7.092026727550368,7.9234962367609665,6.9620190759893665,5.872895604860797,23324.963250824625
vhat: 1385.5624304613716,494.5081223711872,593.7330942390664,528.9701333000536,525.9916221864688,15.07079963865849,7.08496069291209,7.915573377345575,6.9550841763387155,5.867026008322242,23308.949069447626
vhat: 1384.1832301022532,494.01433446788093,593.139391404852,528.4425193970088,525.4715215489016,15.055728943522366,7.0778758439217615,7.907657880803786,6.948129486826486,5.86115901591929,24373.125067601486
vhat: 1382.7991306151716,493.5226432642937,592.5464425844841,527.9143822626813,524.9490930551046,15.040673223821548,7.070798257230376,7.899750263571793,6.94118284307002,5.855298066456164,24618.234136390496
vhat: 1381.4248665216735,493.033591256697,591.9565565527181,527.3864761562673,524.4294813511029,15.025633267007786,7.063727515715068,7.891850658587288,6.934242094291467,5.8494428076801945,24686.492699447037
vhat: 1380.0462576452226,492.54303653289026,591.3668566082512,526.8592861788475,523.9065818573806,15.01060764991061,7.056663795003735,7.883958811740837,6.927307873742926,5.843593368017488,24672.695746410325
vhat: 1378.666326590822,492.05113302072857,590.7758668968792,526.3324380575269,523.3833226380182,14.995597570274967,7.049607200733325,7.87607487700015,6.92038061741363,5.837749795696349,24765.34728974462
vhat: 1377.288916545666,491.568879512032,590.1853373189256,525.8086398273562,522.8636233257369,14.980670711111399,7.042573931755649,7.868201462452857,6.9134764508111,5.831914290453507,24804.93654367534
vhat: 1375.9121622972011,491.0781627042217,589.5954367027856,525.2828696783531,522.3412942854383,14.965731200284635,7.035567496188207,7.860333277911463,6.906660737567095,5.826082382118933,24787.04103229659
vhat: 1374.5456560753514,490.58738203072573,589.0060278750384,524.7576295758173,521.8191946469526,14.950794100594994,7.0285433707087535,7.852475885982724,6.8997569874968505,5.820256365355049,24777.27744370625
vhat: 1373.1763903775714,490.0968955328803,588.4177286717384,524.2331083631663,521.2981604800863,14.936186021082822,7.02214772835698,7.844623453081241,6.893204339713828,5.814471939078673,25125.110974802024
vhat: 1371.806550869626,489.60890602949064,587.8295949121742,523.7088798448217,520.7776579518041,14.921293648010284,7.015137878147444,7.836778961779568,6.886315534589636,5.808659219892011,25268.553654069023
vhat: 1370.4369902282895,489.12113723466354,587.2418259489798,523.1853608695413,520.2571362026481,14.906373719287343,7.008122854219188,7.828942187868084,6.879429566096661,5.802850563285211,25332.457190381934
vhat: 1369.0896317860295,488.65565425116347,586.6622262594714,522.6665583779999,519.7560422122511,14.891467498219754,7.001114852576433,7.82111326879343,6.872550543037371,5.797047760759945,25346.530637478834
vhat: 1367.7212945135257,488.1696284446143,586.075591833671,522.1446000125688,519.2368134886428,14.876576334267947,6.9941138038237485,7.813292162581911,6.865678202250904,5.791250772649023,25886.147140246718
vhat: 1366.380308570212,487.68513197877417,585.4895575436519,521.6271067945438,518.724862188753,14.861700245850711,6.9871271626713085,7.805484272939511,6.858864719783109,5.785460244843661,26225.239244707096
vhat: 1365.0265061129905,487.2048089695643,584.904078104928,521.1079528598879,518.2201177755627,14.846838559488768,6.980140360741922,7.7976788222323,6.852006427850603,5.779674822082182,26326.748432303568
vhat: 1363.6628933659495,486.7176802107045,584.3191741314616,520.5869581593284,517.702648149335,14.832050017873796,6.973172098858267,7.789881213923532,6.845167303854145,5.773895408087766,26320.125455432484
vhat: 1362.3042517505028,486.24353507757183,583.7368186574986,520.0670833584695,517.1864712372962,14.817220062064225,6.966199651477109,7.782091543274034,6.838322287983195,5.768121700355538,26376.80298279376
vhat: 1360.942192850892,485.75729189108404,583.1535733354553,519.5472903236856,516.6694041970579,14.802405334450235,6.959233865835832,7.774309491505155,6.831484457068592,5.76235381930635,26350.427725248996
vhat: 1359.5812621714413,485.27529085932383,582.570904118798,519.0301319682949,516.1568539735047,14.787624468598302,6.952295722031655,7.766535203066966,6.824660664160398,5.756591480510073,26637.253045402966
vhat: 1358.2277624787528,484.79010686076276,581.9883836295346,518.5134816557526,515.6433638597044,14.773335769419267,6.945364616264381,7.758768815902633,6.817857284927018,5.750842123232122,26619.904488337143
vhat: 1356.8744024124592,484.3053577257385,581.4064240544951,517.9951404026309,515.128062184795,14.76041910375853,6.93922115824662,7.7510101250444805,6.812313082458307,5.7450915108161515,26716.721509692336
vhat: 1355.518769804982,483.8213275534105,580.8251947852245,517.4773106221056,514.6142626315401,14.745659321664993,6.93228194174357,7.743259115491957,6.805501264493886,5.7393466580220975,26787.43456547575
vhat: 1354.1635660073487,483.3375244900852,580.2443696460132,516.9616329553364,514.1000899390704,14.73103657107635,6.925372391192842,7.735519725667062,6.798704058590502,5.7336079127719035,26829.031210627123
vhat: 1352.814680953983,482.8573670728898,579.6641624075444,516.4495523843086,513.5860334813466,14.716306824753762,6.918449832591572,7.727784342041159,6.791905396251941,5.72787446221813,27453.732607314912
vhat: 1351.465001122713,482.3795123189558,579.0845016843205,515.9331465244485,513.074971179199,14.7015927355009,6.911532106279208,7.720056677774845,6.785115614310854,5.722146590474141,27430.606835700604
vhat: 1350.1136649728523,481.89725425178585,578.5054391806565,515.4172147571676,512.5619671449967,14.687001952394212,6.904658349401365,7.712336670379678,6.7783613553702535,5.716425698132853,27407.677035230343
vhat: 1348.7888768031487,481.4330674053569,577.9270638215379,514.903760733582,512.0553902932309,14.672315015453806,6.8977537266240265,7.704624347166627,6.771583017313778,5.710709273574378,27653.469903668563
vhat: 1347.4575242201431,480.9706690665063,577.3543384364957,514.3905746488963,511.5506379888446,14.657947333953155,6.890894627006631,7.696924587052211,6.765003854043463,5.705018469104722,27635.558970160004
vhat: 1346.134192432167,480.511151507195,576.7771583594057,513.8890511003564,511.039131238153,14.643289680474773,6.884004205939526,7.689227668970906,6.7582395355314935,5.699313463616653,27624.03310747424
vhat: 1344.7882097422314,480.0314168173666,576.201388698118,513.375179248505,510.5344127003403,14.628691840475033,6.877165887759495,7.681538517209585,6.751501765069425,5.693614718199582,27606.544444734067
vhat: 1343.4616271170355,479.55312681359186,575.6255399694916,512.8681422890971,510.0239428192642,14.614064773373743,6.870289106325241,7.6738569974634165,6.7447503376485605,5.687921113918659,27604.292743776732
vhat: 1342.1430822675854,479.0789900736549,575.0507288833062,512.365169329625,509.52762118963676,14.599451086442016,6.863419051724618,7.666183241526424,6.7380055921429305,5.6822331930931576,27603.691457304216
vhat: 1340.807776888202,478.6034143485853,574.4759770143578,511.85306489219835,509.01822316297284,14.584878559408608,6.856556245796781,7.658517394430096,6.731272600786872,5.6765518837178295,27616.22362979535
vhat: 1339.503079208918,478.12662122139847,573.9021779087398,511.342685646694,508.5092443102558,14.570294043430184,6.849702139008702,7.650859407291045,6.724546383760776,5.6708757917046215,27590.015234291695
vhat: 1338.1689233736558,477.65148602412626,573.3295196902276,510.8337424470518,508.0077956789206,14.555725775056418,6.842852484134381,7.643208576400224,6.717823124385627,5.665204962470601,27563.191125735975
vhat: 1336.8466518704702,477.1763198571996,572.7567349245847,510.32618623147016,507.50464051255824,14.541172840596582,6.836009926789351,7.635565457058446,6.711105513531649,5.659539869956986,27681.201557660697
vhat: 1335.5173400771082,476.7002174931714,572.1840373278279,509.8166004767831,506.9972344666457,14.52684885581039,6.829192064999213,7.627929981482709,6.704581476127253,5.65391279702423,27781.22962362958
